-- MySQL dump 10.13  Distrib 5.6.44, for Win64 (x86_64)
--
-- Host: localhost    Database: mutel
-- ------------------------------------------------------
-- Server version	5.6.44

/*!40101 SET @OLD_CHARACTER_SET_CLIENT=@@CHARACTER_SET_CLIENT */;
/*!40101 SET @OLD_CHARACTER_SET_RESULTS=@@CHARACTER_SET_RESULTS */;
/*!40101 SET @OLD_COLLATION_CONNECTION=@@COLLATION_CONNECTION */;
/*!40101 SET NAMES utf8 */;
/*!40103 SET @OLD_TIME_ZONE=@@TIME_ZONE */;
/*!40103 SET TIME_ZONE='+00:00' */;
/*!40014 SET @OLD_UNIQUE_CHECKS=@@UNIQUE_CHECKS, UNIQUE_CHECKS=0 */;
/*!40014 SET @OLD_FOREIGN_KEY_CHECKS=@@FOREIGN_KEY_CHECKS, FOREIGN_KEY_CHECKS=0 */;
/*!40101 SET @OLD_SQL_MODE=@@SQL_MODE, SQL_MODE='NO_AUTO_VALUE_ON_ZERO' */;
/*!40111 SET @OLD_SQL_NOTES=@@SQL_NOTES, SQL_NOTES=0 */;

--
-- Current Database: `mutel`
--

CREATE DATABASE /*!32312 IF NOT EXISTS*/ `mutel` /*!40100 DEFAULT CHARACTER SET latin1 */;

USE `mutel`;

--
-- Table structure for table `habitacion`
--

DROP TABLE IF EXISTS `habitacion`;
/*!40101 SET @saved_cs_client     = @@character_set_client */;
/*!40101 SET character_set_client = utf8 */;
CREATE TABLE `habitacion` (
  `numHabitacion` smallint(5) unsigned NOT NULL DEFAULT '0',
  `idHotel` smallint(5) unsigned NOT NULL DEFAULT '0',
  `aforo` smallint(5) unsigned NOT NULL,
  `orientacion` varchar(20) DEFAULT NULL,
  `estado` varchar(20) DEFAULT NULL,
  `precio` smallint(5) unsigned NOT NULL,
  `categoria` varchar(20) DEFAULT NULL,
  PRIMARY KEY (`numHabitacion`,`idHotel`),
  KEY `habitacion_fk` (`idHotel`),
  CONSTRAINT `habitacion_fk` FOREIGN KEY (`idHotel`) REFERENCES `hotel` (`idHotel`)
) ENGINE=InnoDB DEFAULT CHARSET=latin1;
/*!40101 SET character_set_client = @saved_cs_client */;

--
-- Dumping data for table `habitacion`
--

LOCK TABLES `habitacion` WRITE;
/*!40000 ALTER TABLE `habitacion` DISABLE KEYS */;
INSERT INTO `habitacion` (`numHabitacion`, `idHotel`, `aforo`, `orientacion`, `estado`, `precio`, `categoria`) VALUES (101,1,3,'exterior','vacio',1676,'estandar'),(101,2,3,'exterior','vacio',946,'luxury'),(101,3,1,'exterior','vacio',35,'estandar'),(102,1,2,'exterior','vacio',3822,'estandar'),(102,2,2,'exterior','vacio',1072,'estandar'),(102,3,4,'exterior','vacio',100,'estandar'),(103,1,2,'exterior','vacio',4845,'estandar'),(103,2,2,'exterior','vacio',462,'estandar'),(103,3,1,'exterior','vacio',97,'estandar'),(104,1,2,'exterior','vacio',3141,'estandar'),(104,2,2,'exterior','vacio',292,'estandar'),(104,3,2,'exterior','vacio',201,'estandar'),(105,1,2,'exterior','vacio',3919,'estandar'),(105,2,4,'exterior','vacio',772,'estandar'),(105,3,3,'exterior','vacio',170,'estandar'),(106,1,1,'exterior','vacio',3236,'estandar'),(106,2,4,'exterior','vacio',208,'estandar'),(106,3,2,'exterior','vacio',97,'estandar'),(107,1,3,'exterior','vacio',2318,'estandar'),(107,2,2,'exterior','vacio',889,'estandar'),(107,3,1,'exterior','vacio',81,'estandar'),(108,1,3,'exterior','vacio',3985,'estandar'),(108,2,3,'exterior','vacio',129,'estandar'),(108,3,3,'exterior','vacio',167,'estandar'),(109,1,4,'exterior','vacio',3589,'estandar'),(109,2,3,'exterior','vacio',77,'estandar'),(109,3,1,'exterior','vacio',28,'estandar'),(110,1,3,'exterior','vacio',26508,'luxury'),(110,2,1,'exterior','vacio',1196,'estandar'),(110,3,1,'exterior','vacio',191,'estandar'),(111,1,2,'exterior','vacio',4395,'estandar'),(111,2,1,'exterior','vacio',89,'estandar'),(111,3,4,'exterior','vacio',153,'estandar'),(112,1,2,'exterior','vacio',1184,'estandar'),(112,2,3,'exterior','vacio',483,'estandar'),(112,3,3,'exterior','vacio',51,'estandar'),(201,1,4,'exterior','vacio',3298,'estandar'),(201,2,4,'exterior','vacio',2055,'luxury'),(201,3,4,'exterior','vacio',180,'estandar'),(202,1,4,'exterior','vacio',1752,'estandar'),(202,2,3,'exterior','vacio',1672,'luxury'),(202,3,2,'exterior','vacio',177,'estandar'),(203,1,1,'exterior','vacio',2391,'estandar'),(203,2,4,'exterior','vacio',2255,'luxury'),(203,3,4,'exterior','vacio',148,'estandar'),(204,1,4,'exterior','vacio',22102,'luxury'),(204,2,4,'exterior','vacio',1729,'luxury'),(204,3,1,'exterior','vacio',105,'estandar'),(205,1,3,'exterior','vacio',1977,'estandar'),(205,2,3,'exterior','vacio',257,'estandar'),(205,3,2,'exterior','vacio',153,'estandar'),(206,1,1,'exterior','vacio',4592,'estandar'),(206,2,4,'exterior','vacio',749,'estandar'),(206,3,1,'exterior','vacio',20,'estandar'),(207,1,3,'exterior','vacio',9768,'luxury'),(207,2,3,'exterior','vacio',969,'estandar'),(207,3,2,'exterior','vacio',59,'estandar'),(208,1,2,'exterior','vacio',384,'estandar'),(208,2,4,'exterior','vacio',1410,'luxury'),(208,3,4,'exterior','vacio',27,'estandar'),(209,1,1,'exterior','vacio',3792,'estandar'),(209,2,3,'exterior','vacio',532,'estandar'),(209,3,3,'exterior','vacio',178,'estandar'),(210,1,4,'exterior','vacio',8219,'luxury'),(210,2,2,'exterior','vacio',282,'estandar'),(210,3,3,'exterior','vacio',66,'estandar'),(211,1,1,'exterior','vacio',1376,'estandar'),(211,2,3,'exterior','vacio',2461,'luxury'),(211,3,1,'exterior','vacio',183,'estandar'),(212,1,2,'exterior','vacio',3939,'estandar'),(212,2,3,'exterior','vacio',741,'estandar'),(212,3,4,'exterior','vacio',61,'estandar'),(301,1,1,'exterior','vacio',1334,'estandar'),(301,2,3,'exterior','vacio',1164,'luxury'),(301,3,4,'exterior','vacio',116,'estandar'),(302,1,3,'exterior','vacio',15531,'luxury'),(302,2,1,'exterior','vacio',525,'estandar'),(302,3,4,'exterior','vacio',178,'estandar'),(303,1,4,'exterior','vacio',3836,'estandar'),(303,2,3,'exterior','vacio',1806,'luxury'),(303,3,4,'exterior','vacio',46,'estandar'),(304,1,3,'exterior','vacio',5408,'luxury'),(304,2,2,'exterior','vacio',744,'estandar'),(304,3,1,'exterior','vacio',115,'estandar'),(305,1,4,'exterior','vacio',3349,'estandar'),(305,2,3,'exterior','vacio',741,'estandar'),(305,3,3,'exterior','vacio',73,'estandar'),(306,1,1,'exterior','vacio',4682,'estandar'),(306,2,2,'exterior','vacio',656,'estandar'),(306,3,4,'exterior','vacio',113,'estandar'),(307,1,3,'exterior','vacio',4058,'estandar'),(307,2,2,'exterior','vacio',546,'estandar'),(307,3,3,'exterior','vacio',62,'estandar'),(308,1,3,'exterior','vacio',3177,'estandar'),(308,2,4,'exterior','vacio',590,'luxury'),(308,3,1,'exterior','vacio',24,'estandar'),(309,1,3,'exterior','vacio',2475,'luxury'),(309,2,3,'exterior','vacio',804,'estandar'),(309,3,4,'exterior','vacio',171,'estandar'),(310,1,4,'exterior','vacio',4486,'estandar'),(310,2,3,'exterior','vacio',564,'estandar'),(310,3,1,'exterior','vacio',57,'estandar'),(311,1,3,'exterior','vacio',11671,'luxury'),(311,2,3,'exterior','vacio',627,'luxury'),(311,3,4,'exterior','vacio',152,'estandar'),(312,1,4,'exterior','vacio',34955,'luxury'),(312,2,1,'exterior','vacio',418,'estandar'),(312,3,4,'exterior','vacio',76,'estandar'),(401,1,4,'exterior','vacio',2610,'estandar'),(401,2,2,'exterior','vacio',271,'estandar'),(402,1,1,'exterior','vacio',4039,'estandar'),(402,2,3,'exterior','vacio',416,'estandar'),(403,1,4,'exterior','vacio',3886,'estandar'),(403,2,3,'exterior','vacio',739,'luxury'),(404,1,2,'exterior','vacio',4927,'estandar'),(404,2,4,'exterior','vacio',456,'estandar'),(405,1,3,'exterior','vacio',9726,'luxury'),(405,2,3,'exterior','vacio',560,'estandar'),(406,1,4,'exterior','vacio',1217,'estandar'),(406,2,1,'exterior','vacio',483,'estandar'),(407,1,4,'exterior','vacio',28549,'luxury'),(407,2,4,'exterior','vacio',155,'estandar'),(408,1,3,'exterior','vacio',2119,'estandar'),(408,2,2,'exterior','vacio',591,'estandar'),(409,1,2,'exterior','vacio',1807,'estandar'),(409,2,3,'exterior','vacio',1099,'estandar'),(410,1,4,'exterior','vacio',22003,'luxury'),(410,2,2,'exterior','vacio',66,'estandar'),(411,1,1,'exterior','vacio',3346,'estandar'),(411,2,3,'exterior','vacio',926,'estandar'),(412,1,3,'exterior','vacio',1905,'estandar'),(412,2,3,'exterior','vacio',1865,'luxury'),(501,1,3,'exterior','vacio',10836,'luxury'),(502,1,4,'exterior','vacio',5874,'luxury'),(503,1,4,'exterior','vacio',154,'estandar'),(504,1,4,'exterior','vacio',2931,'estandar'),(505,1,3,'exterior','vacio',304,'estandar'),(506,1,2,'exterior','vacio',4746,'estandar'),(507,1,4,'exterior','vacio',3658,'estandar'),(508,1,1,'exterior','vacio',419,'estandar'),(509,1,3,'exterior','vacio',3657,'luxury'),(510,1,4,'exterior','vacio',7499,'luxury'),(511,1,3,'exterior','vacio',9535,'luxury'),(512,1,4,'exterior','vacio',785,'estandar'),(601,1,3,'exterior','vacio',4258,'estandar'),(602,1,4,'exterior','vacio',18764,'luxury'),(603,1,3,'exterior','vacio',4247,'estandar'),(604,1,3,'exterior','vacio',781,'estandar'),(605,1,4,'exterior','vacio',27315,'luxury'),(606,1,3,'exterior','vacio',35006,'luxury'),(607,1,3,'exterior','vacio',1714,'estandar'),(608,1,1,'exterior','vacio',2174,'estandar'),(609,1,4,'exterior','vacio',33871,'luxury'),(610,1,3,'exterior','vacio',2279,'estandar'),(611,1,2,'exterior','vacio',4611,'estandar'),(612,1,4,'exterior','vacio',3134,'estandar'),(701,1,4,'exterior','vacio',979,'estandar'),(702,1,3,'exterior','vacio',4058,'luxury'),(703,1,3,'exterior','vacio',1249,'estandar'),(704,1,2,'exterior','vacio',3895,'estandar'),(705,1,3,'exterior','vacio',2766,'estandar'),(706,1,4,'exterior','vacio',304,'estandar'),(707,1,2,'exterior','vacio',667,'estandar'),(708,1,2,'exterior','vacio',3345,'estandar'),(709,1,3,'exterior','vacio',1307,'estandar'),(710,1,3,'exterior','vacio',3421,'estandar'),(711,1,3,'exterior','vacio',32248,'luxury'),(712,1,2,'exterior','vacio',1196,'estandar'),(801,1,3,'exterior','vacio',1091,'estandar'),(802,1,2,'exterior','vacio',625,'estandar'),(803,1,3,'exterior','vacio',3547,'estandar'),(804,1,4,'exterior','vacio',24541,'luxury'),(805,1,3,'exterior','vacio',984,'estandar'),(806,1,3,'exterior','vacio',1025,'estandar'),(807,1,1,'exterior','vacio',3053,'estandar'),(808,1,3,'exterior','vacio',12999,'luxury'),(809,1,1,'exterior','vacio',692,'estandar'),(810,1,3,'exterior','vacio',11105,'luxury'),(811,1,4,'exterior','vacio',2189,'estandar'),(812,1,3,'exterior','vacio',4607,'estandar'),(901,1,1,'exterior','vacio',1185,'estandar'),(902,1,1,'exterior','vacio',2353,'estandar'),(903,1,3,'exterior','vacio',24146,'luxury'),(904,1,3,'exterior','vacio',1627,'estandar'),(905,1,1,'exterior','vacio',3266,'estandar'),(906,1,3,'exterior','vacio',8345,'luxury'),(907,1,1,'exterior','vacio',2914,'estandar'),(908,1,4,'exterior','vacio',3951,'estandar'),(909,1,1,'exterior','vacio',3077,'estandar'),(910,1,2,'exterior','vacio',1106,'estandar'),(911,1,3,'exterior','vacio',18627,'luxury'),(912,1,4,'exterior','vacio',4078,'estandar'),(1001,1,4,'exterior','vacio',30404,'luxury'),(1002,1,4,'exterior','vacio',33859,'luxury'),(1003,1,3,'exterior','vacio',3158,'estandar'),(1004,1,1,'exterior','vacio',3226,'estandar'),(1005,1,4,'exterior','vacio',2513,'estandar'),(1006,1,3,'exterior','vacio',2092,'estandar'),(1007,1,1,'exterior','vacio',2635,'estandar'),(1008,1,2,'exterior','vacio',2321,'estandar'),(1009,1,3,'exterior','vacio',5343,'luxury'),(1010,1,3,'exterior','vacio',6187,'luxury'),(1011,1,4,'exterior','vacio',19111,'luxury'),(1012,1,2,'exterior','vacio',1364,'estandar'),(1101,1,2,'exterior','vacio',4543,'estandar'),(1102,1,3,'exterior','vacio',937,'estandar'),(1103,1,3,'exterior','vacio',4939,'luxury'),(1104,1,1,'exterior','vacio',4788,'estandar'),(1105,1,2,'exterior','vacio',4104,'estandar'),(1106,1,4,'exterior','vacio',399,'estandar'),(1107,1,3,'exterior','vacio',4791,'estandar'),(1108,1,3,'exterior','vacio',29715,'luxury'),(1109,1,4,'exterior','vacio',10080,'luxury'),(1110,1,3,'exterior','vacio',4962,'estandar'),(1111,1,4,'exterior','vacio',4915,'estandar'),(1112,1,3,'exterior','vacio',1877,'estandar'),(1201,1,3,'exterior','vacio',2487,'estandar'),(1202,1,4,'exterior','vacio',953,'estandar'),(1203,1,4,'exterior','vacio',4029,'estandar'),(1204,1,2,'exterior','vacio',4281,'estandar'),(1205,1,3,'exterior','vacio',3155,'estandar'),(1206,1,3,'exterior','vacio',407,'estandar'),(1207,1,1,'exterior','vacio',302,'estandar'),(1208,1,1,'exterior','vacio',4472,'estandar'),(1209,1,3,'exterior','vacio',4997,'luxury'),(1210,1,2,'exterior','vacio',705,'estandar'),(1211,1,4,'exterior','vacio',3679,'estandar'),(1212,1,1,'exterior','vacio',1368,'estandar'),(1301,1,1,'exterior','vacio',914,'estandar'),(1302,1,2,'exterior','vacio',1085,'estandar'),(1303,1,1,'exterior','vacio',4074,'estandar'),(1304,1,1,'exterior','vacio',405,'estandar'),(1305,1,1,'exterior','vacio',4534,'estandar'),(1306,1,3,'exterior','vacio',6461,'luxury'),(1307,1,2,'exterior','vacio',3947,'estandar'),(1308,1,4,'exterior','vacio',3429,'estandar'),(1309,1,3,'exterior','vacio',13531,'luxury'),(1310,1,1,'exterior','vacio',4791,'estandar'),(1311,1,4,'exterior','vacio',30405,'luxury'),(1312,1,3,'exterior','vacio',24414,'luxury'),(1401,1,4,'exterior','vacio',18016,'luxury'),(1402,1,2,'exterior','vacio',482,'estandar'),(1403,1,1,'exterior','vacio',3233,'estandar'),(1404,1,2,'exterior','vacio',4391,'estandar'),(1405,1,4,'exterior','vacio',32717,'luxury'),(1406,1,4,'exterior','vacio',951,'estandar'),(1407,1,1,'exterior','vacio',4905,'estandar'),(1408,1,4,'exterior','vacio',16696,'luxury'),(1409,1,2,'exterior','vacio',3514,'estandar'),(1410,1,1,'exterior','vacio',4841,'estandar'),(1411,1,1,'exterior','vacio',4370,'estandar'),(1412,1,4,'exterior','vacio',238,'estandar'),(1501,1,1,'exterior','vacio',1742,'estandar'),(1502,1,3,'exterior','vacio',11291,'luxury'),(1503,1,3,'exterior','vacio',21456,'luxury'),(1504,1,4,'exterior','vacio',19615,'luxury'),(1505,1,1,'exterior','vacio',4749,'estandar'),(1506,1,2,'exterior','vacio',3157,'estandar'),(1507,1,4,'exterior','vacio',1475,'estandar'),(1508,1,3,'exterior','vacio',21918,'luxury'),(1509,1,4,'exterior','vacio',7627,'luxury'),(1510,1,3,'exterior','vacio',3322,'estandar'),(1511,1,1,'exterior','vacio',4375,'estandar'),(1512,1,1,'exterior','vacio',2748,'estandar'),(1601,1,2,'exterior','vacio',1582,'estandar'),(1602,1,3,'exterior','vacio',7401,'luxury'),(1603,1,4,'exterior','vacio',27082,'luxury'),(1604,1,3,'exterior','vacio',34891,'luxury'),(1605,1,4,'exterior','vacio',9728,'luxury'),(1606,1,1,'exterior','vacio',3438,'estandar'),(1607,1,1,'exterior','vacio',2855,'estandar'),(1608,1,4,'exterior','vacio',3336,'estandar'),(1609,1,4,'exterior','vacio',13033,'luxury'),(1610,1,4,'exterior','vacio',1845,'estandar'),(1611,1,2,'exterior','vacio',3983,'estandar'),(1612,1,3,'exterior','vacio',525,'estandar'),(1701,1,4,'exterior','vacio',4819,'estandar'),(1702,1,3,'exterior','vacio',7842,'luxury'),(1703,1,2,'exterior','vacio',3703,'estandar'),(1704,1,3,'exterior','vacio',2576,'estandar'),(1705,1,2,'exterior','vacio',3215,'estandar'),(1706,1,3,'exterior','vacio',19407,'luxury'),(1707,1,2,'exterior','vacio',2980,'estandar'),(1708,1,2,'exterior','vacio',3635,'estandar'),(1709,1,4,'exterior','vacio',2597,'estandar'),(1710,1,4,'exterior','vacio',979,'estandar'),(1711,1,4,'exterior','vacio',3915,'estandar'),(1712,1,4,'exterior','vacio',3648,'estandar'),(1801,1,4,'exterior','vacio',4344,'estandar'),(1802,1,1,'exterior','vacio',4268,'estandar'),(1803,1,4,'exterior','vacio',32789,'luxury'),(1804,1,4,'exterior','vacio',6233,'luxury'),(1805,1,2,'exterior','vacio',2104,'estandar'),(1806,1,2,'exterior','vacio',2953,'estandar'),(1807,1,3,'exterior','vacio',2912,'estandar'),(1808,1,4,'exterior','vacio',2226,'luxury'),(1809,1,3,'exterior','vacio',4641,'estandar'),(1810,1,3,'exterior','vacio',1038,'estandar'),(1811,1,1,'exterior','vacio',713,'estandar'),(1812,1,4,'exterior','vacio',14388,'luxury'),(1901,1,1,'exterior','vacio',1561,'estandar'),(1902,1,4,'exterior','vacio',2844,'estandar'),(1903,1,4,'exterior','vacio',1332,'estandar'),(1904,1,4,'exterior','vacio',14766,'luxury'),(1905,1,3,'exterior','vacio',36247,'luxury'),(1906,1,2,'exterior','vacio',812,'estandar'),(1907,1,3,'exterior','vacio',16846,'luxury'),(1908,1,3,'exterior','vacio',19281,'luxury'),(1909,1,3,'exterior','vacio',7047,'luxury'),(1910,1,4,'exterior','vacio',2376,'estandar'),(1911,1,4,'exterior','vacio',3250,'estandar'),(1912,1,4,'exterior','vacio',7577,'luxury'),(2001,1,2,'exterior','vacio',3106,'estandar'),(2002,1,3,'exterior','vacio',34903,'luxury'),(2003,1,3,'exterior','vacio',33056,'luxury'),(2004,1,4,'exterior','vacio',20348,'luxury'),(2005,1,4,'exterior','vacio',7146,'luxury'),(2006,1,3,'exterior','vacio',22043,'luxury'),(2007,1,4,'exterior','vacio',15108,'luxury'),(2008,1,4,'exterior','vacio',1104,'estandar'),(2009,1,1,'exterior','vacio',3626,'estandar'),(2010,1,3,'exterior','vacio',9745,'luxury'),(2011,1,1,'exterior','vacio',4754,'estandar'),(2012,1,3,'exterior','vacio',34565,'luxury'),(2101,1,4,'exterior','vacio',1308,'estandar'),(2102,1,1,'exterior','vacio',3388,'estandar'),(2103,1,2,'exterior','vacio',1167,'estandar'),(2104,1,4,'exterior','vacio',3491,'estandar'),(2105,1,3,'exterior','vacio',3269,'estandar'),(2106,1,2,'exterior','vacio',2334,'estandar'),(2107,1,1,'exterior','vacio',586,'estandar'),(2108,1,3,'exterior','vacio',7881,'luxury'),(2109,1,3,'exterior','vacio',3955,'estandar'),(2110,1,4,'exterior','vacio',18772,'luxury'),(2111,1,1,'exterior','vacio',2162,'estandar'),(2112,1,2,'exterior','vacio',2868,'estandar'),(2201,1,2,'exterior','vacio',1526,'estandar'),(2202,1,3,'exterior','vacio',23244,'luxury'),(2203,1,4,'exterior','vacio',713,'estandar'),(2204,1,3,'exterior','vacio',2633,'estandar'),(2205,1,3,'exterior','vacio',1172,'estandar'),(2206,1,4,'exterior','vacio',1958,'estandar'),(2207,1,3,'exterior','vacio',24198,'luxury'),(2208,1,4,'exterior','vacio',431,'estandar'),(2209,1,4,'exterior','vacio',2911,'estandar'),(2210,1,2,'exterior','vacio',4836,'estandar'),(2211,1,2,'exterior','vacio',4048,'estandar'),(2212,1,3,'exterior','vacio',4100,'estandar'),(2301,1,2,'exterior','vacio',1481,'estandar'),(2302,1,3,'exterior','vacio',24551,'luxury'),(2303,1,4,'exterior','vacio',3606,'estandar'),(2304,1,1,'exterior','vacio',1874,'estandar'),(2305,1,3,'exterior','vacio',4032,'estandar'),(2306,1,2,'exterior','vacio',3832,'estandar'),(2307,1,4,'exterior','vacio',19508,'luxury'),(2308,1,3,'exterior','vacio',11453,'luxury'),(2309,1,2,'exterior','vacio',2292,'estandar'),(2310,1,3,'exterior','vacio',904,'estandar'),(2311,1,2,'exterior','vacio',848,'estandar'),(2312,1,3,'exterior','vacio',1796,'estandar'),(2401,1,1,'exterior','vacio',716,'estandar'),(2402,1,1,'exterior','vacio',4917,'estandar'),(2403,1,3,'exterior','vacio',4347,'estandar'),(2404,1,2,'exterior','vacio',3441,'estandar'),(2405,1,4,'exterior','vacio',25377,'luxury'),(2406,1,4,'exterior','vacio',1857,'estandar'),(2407,1,2,'exterior','vacio',619,'estandar'),(2408,1,4,'exterior','vacio',1023,'estandar'),(2409,1,3,'exterior','vacio',4331,'estandar'),(2410,1,4,'exterior','vacio',1304,'estandar'),(2411,1,3,'exterior','vacio',3652,'estandar'),(2412,1,3,'exterior','vacio',28607,'luxury'),(2501,1,3,'exterior','vacio',3519,'estandar'),(2502,1,4,'exterior','vacio',4038,'estandar'),(2503,1,2,'exterior','vacio',4639,'estandar'),(2504,1,1,'exterior','vacio',255,'estandar'),(2505,1,3,'exterior','vacio',1610,'estandar'),(2506,1,3,'exterior','vacio',1466,'estandar'),(2507,1,4,'exterior','vacio',2259,'luxury'),(2508,1,1,'exterior','vacio',3903,'estandar'),(2509,1,3,'exterior','vacio',1991,'estandar'),(2510,1,3,'exterior','vacio',4211,'estandar'),(2511,1,4,'exterior','vacio',4783,'estandar'),(2512,1,1,'exterior','vacio',2938,'estandar'),(2601,1,1,'exterior','vacio',3260,'estandar'),(2602,1,4,'exterior','vacio',3894,'luxury'),(2603,1,2,'exterior','vacio',353,'estandar'),(2604,1,2,'exterior','vacio',1398,'estandar'),(2605,1,1,'exterior','vacio',3459,'estandar'),(2606,1,3,'exterior','vacio',4681,'estandar'),(2607,1,4,'exterior','vacio',3913,'estandar'),(2608,1,2,'exterior','vacio',2799,'estandar'),(2609,1,4,'exterior','vacio',27148,'luxury'),(2610,1,4,'exterior','vacio',3119,'estandar'),(2611,1,1,'exterior','vacio',1039,'estandar'),(2612,1,3,'exterior','vacio',4678,'estandar'),(2701,1,3,'exterior','vacio',22560,'luxury'),(2702,1,1,'exterior','vacio',2273,'estandar'),(2703,1,4,'exterior','vacio',3508,'estandar'),(2704,1,4,'exterior','vacio',18649,'luxury'),(2705,1,3,'exterior','vacio',3760,'estandar'),(2706,1,2,'exterior','vacio',4469,'estandar'),(2707,1,3,'exterior','vacio',3980,'luxury'),(2708,1,1,'exterior','vacio',1440,'estandar'),(2709,1,3,'exterior','vacio',3356,'estandar'),(2710,1,2,'exterior','vacio',4797,'estandar'),(2711,1,4,'exterior','vacio',3064,'estandar'),(2712,1,4,'exterior','vacio',12787,'luxury'),(2801,1,2,'exterior','vacio',1423,'estandar'),(2802,1,1,'exterior','vacio',2118,'estandar'),(2803,1,4,'exterior','vacio',7858,'luxury'),(2804,1,2,'exterior','vacio',1499,'estandar'),(2805,1,3,'exterior','vacio',6151,'luxury'),(2806,1,4,'exterior','vacio',2859,'estandar'),(2807,1,4,'exterior','vacio',18801,'luxury'),(2808,1,2,'exterior','vacio',3868,'estandar'),(2809,1,1,'exterior','vacio',4611,'estandar'),(2810,1,2,'exterior','vacio',3822,'estandar'),(2811,1,3,'exterior','vacio',33317,'luxury'),(2812,1,2,'exterior','vacio',3779,'estandar'),(2901,1,4,'exterior','vacio',2350,'estandar'),(2902,1,4,'exterior','vacio',31507,'luxury'),(2903,1,4,'exterior','vacio',6628,'luxury'),(2904,1,1,'exterior','vacio',5002,'estandar'),(2905,1,1,'exterior','vacio',344,'estandar'),(2906,1,3,'exterior','vacio',4801,'estandar'),(2907,1,1,'exterior','vacio',1979,'estandar'),(2908,1,3,'exterior','vacio',125,'estandar'),(2909,1,1,'exterior','vacio',3211,'estandar'),(2910,1,2,'exterior','vacio',3006,'estandar'),(2911,1,4,'exterior','vacio',33448,'luxury'),(2912,1,3,'exterior','vacio',15984,'luxury'),(3001,1,1,'exterior','vacio',354,'estandar'),(3002,1,3,'exterior','vacio',838,'estandar'),(3003,1,3,'exterior','vacio',1324,'estandar'),(3004,1,4,'exterior','vacio',4511,'estandar'),(3005,1,2,'exterior','vacio',2222,'estandar'),(3006,1,4,'exterior','vacio',2247,'estandar'),(3007,1,4,'exterior','vacio',2822,'estandar'),(3008,1,2,'exterior','vacio',593,'estandar'),(3009,1,4,'exterior','vacio',4282,'estandar'),(3010,1,3,'exterior','vacio',3139,'estandar'),(3011,1,2,'exterior','vacio',914,'estandar'),(3012,1,4,'exterior','vacio',4210,'estandar'),(3101,1,1,'exterior','vacio',2334,'estandar'),(3102,1,4,'exterior','vacio',339,'estandar'),(3103,1,4,'exterior','vacio',4321,'estandar'),(3104,1,4,'exterior','vacio',3956,'estandar'),(3105,1,4,'exterior','vacio',14978,'luxury'),(3106,1,1,'exterior','vacio',2181,'estandar'),(3107,1,4,'exterior','vacio',4114,'estandar'),(3108,1,4,'exterior','vacio',1289,'estandar'),(3109,1,2,'exterior','vacio',752,'estandar'),(3110,1,4,'exterior','vacio',818,'estandar'),(3111,1,3,'exterior','vacio',32070,'luxury'),(3112,1,3,'exterior','vacio',2352,'estandar'),(3201,1,3,'exterior','vacio',115,'estandar'),(3202,1,3,'exterior','vacio',4367,'estandar'),(3203,1,1,'exterior','vacio',969,'estandar'),(3204,1,1,'exterior','vacio',993,'estandar'),(3205,1,3,'exterior','vacio',27135,'luxury'),(3206,1,3,'exterior','vacio',1789,'estandar'),(3207,1,1,'exterior','vacio',3077,'estandar'),(3208,1,2,'exterior','vacio',1079,'estandar'),(3209,1,3,'exterior','vacio',17942,'luxury'),(3210,1,3,'exterior','vacio',7327,'luxury'),(3211,1,3,'exterior','vacio',3152,'estandar'),(3212,1,2,'exterior','vacio',4897,'estandar'),(3301,1,3,'exterior','vacio',2233,'estandar'),(3302,1,4,'exterior','vacio',2144,'estandar'),(3303,1,1,'exterior','vacio',4861,'estandar'),(3304,1,2,'exterior','vacio',1572,'estandar'),(3305,1,1,'exterior','vacio',4760,'estandar'),(3306,1,2,'exterior','vacio',622,'estandar'),(3307,1,3,'exterior','vacio',208,'estandar'),(3308,1,3,'exterior','vacio',14337,'luxury'),(3309,1,3,'exterior','vacio',26728,'luxury'),(3310,1,1,'exterior','vacio',2135,'estandar'),(3311,1,4,'exterior','vacio',25299,'luxury'),(3312,1,3,'exterior','vacio',1110,'estandar'),(3401,1,1,'exterior','vacio',4739,'estandar'),(3402,1,1,'exterior','vacio',1750,'estandar'),(3403,1,2,'exterior','vacio',3230,'estandar'),(3404,1,2,'exterior','vacio',884,'estandar'),(3405,1,2,'exterior','vacio',2974,'estandar'),(3406,1,1,'exterior','vacio',354,'estandar'),(3407,1,3,'exterior','vacio',1099,'estandar'),(3408,1,1,'exterior','vacio',3933,'estandar'),(3409,1,4,'exterior','vacio',2907,'estandar'),(3410,1,3,'exterior','vacio',29019,'luxury'),(3411,1,4,'exterior','vacio',22447,'luxury'),(3412,1,2,'exterior','vacio',439,'estandar'),(3501,1,3,'exterior','vacio',18855,'luxury'),(3502,1,4,'exterior','vacio',8050,'luxury'),(3503,1,3,'exterior','vacio',20021,'luxury'),(3504,1,3,'exterior','vacio',1586,'estandar'),(3505,1,3,'exterior','vacio',21510,'luxury'),(3506,1,4,'exterior','vacio',3941,'estandar'),(3507,1,3,'exterior','vacio',2349,'estandar'),(3508,1,4,'exterior','vacio',161,'estandar'),(3509,1,4,'exterior','vacio',21130,'luxury'),(3510,1,2,'exterior','vacio',2667,'estandar'),(3511,1,2,'exterior','vacio',5089,'estandar'),(3512,1,4,'exterior','vacio',1240,'estandar'),(3601,1,2,'exterior','vacio',203,'estandar'),(3602,1,3,'exterior','vacio',10858,'luxury'),(3603,1,4,'exterior','vacio',4551,'estandar'),(3604,1,3,'exterior','vacio',4483,'estandar'),(3605,1,3,'exterior','vacio',3840,'estandar'),(3606,1,3,'exterior','vacio',3346,'estandar'),(3607,1,3,'exterior','vacio',15083,'luxury'),(3608,1,3,'exterior','vacio',16023,'luxury'),(3609,1,4,'exterior','vacio',635,'estandar'),(3610,1,1,'exterior','vacio',1629,'estandar'),(3611,1,3,'exterior','vacio',33484,'luxury'),(3612,1,2,'exterior','vacio',1192,'estandar'),(3701,1,1,'exterior','vacio',4507,'estandar'),(3702,1,3,'exterior','vacio',3902,'estandar'),(3703,1,4,'exterior','vacio',3655,'estandar'),(3704,1,4,'exterior','vacio',2637,'estandar'),(3705,1,4,'exterior','vacio',4979,'estandar'),(3706,1,3,'exterior','vacio',34516,'luxury'),(3707,1,2,'exterior','vacio',113,'estandar'),(3708,1,2,'exterior','vacio',4019,'estandar'),(3709,1,1,'exterior','vacio',4400,'estandar'),(3710,1,4,'exterior','vacio',9337,'luxury'),(3711,1,3,'exterior','vacio',3917,'estandar'),(3712,1,4,'exterior','vacio',1621,'estandar'),(3801,1,4,'exterior','vacio',4623,'estandar'),(3802,1,3,'exterior','vacio',2459,'estandar'),(3803,1,3,'exterior','vacio',8573,'luxury'),(3804,1,2,'exterior','vacio',3949,'estandar'),(3805,1,4,'exterior','vacio',3061,'estandar'),(3806,1,2,'exterior','vacio',1862,'estandar'),(3807,1,4,'exterior','vacio',3790,'estandar'),(3808,1,1,'exterior','vacio',3074,'estandar'),(3809,1,4,'exterior','vacio',17248,'luxury'),(3810,1,3,'exterior','vacio',12427,'luxury'),(3811,1,4,'exterior','vacio',32652,'luxury'),(3812,1,3,'exterior','vacio',253,'estandar'),(3901,1,3,'exterior','vacio',355,'estandar'),(3902,1,4,'exterior','vacio',994,'estandar'),(3903,1,2,'exterior','vacio',3612,'estandar'),(3904,1,2,'exterior','vacio',3761,'estandar'),(3905,1,3,'exterior','vacio',11807,'luxury'),(3906,1,1,'exterior','vacio',1855,'estandar'),(3907,1,4,'exterior','vacio',1857,'estandar'),(3908,1,1,'exterior','vacio',2136,'estandar'),(3909,1,4,'exterior','vacio',5252,'luxury'),(3910,1,2,'exterior','vacio',1956,'estandar'),(3911,1,1,'exterior','vacio',1917,'estandar'),(3912,1,2,'exterior','vacio',3292,'estandar'),(4001,1,1,'exterior','vacio',503,'estandar'),(4002,1,4,'exterior','vacio',4003,'estandar'),(4003,1,4,'exterior','vacio',793,'estandar'),(4004,1,3,'exterior','vacio',6937,'luxury'),(4005,1,4,'exterior','vacio',15989,'luxury'),(4006,1,3,'exterior','vacio',17158,'luxury'),(4007,1,1,'exterior','vacio',153,'estandar'),(4008,1,3,'exterior','vacio',14236,'luxury'),(4009,1,4,'exterior','vacio',1054,'estandar'),(4010,1,1,'exterior','vacio',3541,'estandar'),(4011,1,3,'exterior','vacio',878,'estandar'),(4012,1,1,'exterior','vacio',2279,'estandar'),(4101,1,4,'exterior','vacio',3901,'estandar'),(4102,1,3,'exterior','vacio',4787,'estandar'),(4103,1,2,'exterior','vacio',1983,'estandar'),(4104,1,4,'exterior','vacio',14516,'luxury'),(4105,1,3,'exterior','vacio',1731,'estandar'),(4106,1,1,'exterior','vacio',3766,'estandar'),(4107,1,4,'exterior','vacio',26674,'luxury'),(4108,1,2,'exterior','vacio',1939,'estandar'),(4109,1,4,'exterior','vacio',1756,'luxury'),(4110,1,3,'exterior','vacio',28641,'luxury'),(4111,1,3,'exterior','vacio',35979,'luxury'),(4112,1,4,'exterior','vacio',11226,'luxury'),(4201,1,2,'exterior','vacio',1761,'estandar'),(4202,1,3,'exterior','vacio',17328,'luxury'),(4203,1,2,'exterior','vacio',1271,'estandar'),(4204,1,3,'exterior','vacio',20360,'luxury'),(4205,1,2,'exterior','vacio',3916,'estandar'),(4206,1,4,'exterior','vacio',33159,'luxury'),(4207,1,2,'exterior','vacio',4051,'estandar'),(4208,1,4,'exterior','vacio',999,'estandar'),(4209,1,1,'exterior','vacio',1347,'estandar'),(4210,1,2,'exterior','vacio',3654,'estandar'),(4211,1,3,'exterior','vacio',28301,'luxury'),(4212,1,1,'exterior','vacio',924,'estandar'),(4301,1,1,'exterior','vacio',3163,'estandar'),(4302,1,1,'exterior','vacio',1805,'estandar'),(4303,1,2,'exterior','vacio',3228,'estandar'),(4304,1,4,'exterior','vacio',19931,'luxury'),(4305,1,2,'exterior','vacio',4469,'estandar'),(4306,1,3,'exterior','vacio',30824,'luxury'),(4307,1,4,'exterior','vacio',22396,'luxury'),(4308,1,2,'exterior','vacio',1635,'estandar'),(4309,1,3,'exterior','vacio',25054,'luxury'),(4310,1,1,'exterior','vacio',192,'estandar'),(4311,1,2,'exterior','vacio',4921,'estandar'),(4312,1,2,'exterior','vacio',3460,'estandar'),(4401,1,4,'exterior','vacio',4985,'estandar'),(4402,1,3,'exterior','vacio',606,'estandar'),(4403,1,4,'exterior','vacio',21149,'luxury'),(4404,1,3,'exterior','vacio',3041,'estandar'),(4405,1,2,'exterior','vacio',1879,'estandar'),(4406,1,3,'exterior','vacio',9596,'luxury'),(4407,1,2,'exterior','vacio',4860,'estandar'),(4408,1,3,'exterior','vacio',4437,'estandar'),(4409,1,1,'exterior','vacio',543,'estandar'),(4410,1,1,'exterior','vacio',2490,'estandar'),(4411,1,2,'exterior','vacio',3332,'estandar'),(4412,1,4,'exterior','vacio',590,'estandar'),(4501,1,3,'exterior','vacio',31496,'luxury'),(4502,1,3,'exterior','vacio',35714,'luxury'),(4503,1,3,'exterior','vacio',18379,'luxury'),(4504,1,1,'exterior','vacio',3513,'estandar'),(4505,1,4,'exterior','vacio',34683,'luxury'),(4506,1,4,'exterior','vacio',27241,'luxury'),(4507,1,4,'exterior','vacio',1008,'estandar'),(4508,1,3,'exterior','vacio',16488,'luxury'),(4509,1,1,'exterior','vacio',589,'estandar'),(4510,1,1,'exterior','vacio',2410,'estandar'),(4511,1,4,'exterior','vacio',15659,'luxury'),(4512,1,3,'exterior','vacio',34751,'luxury'),(4601,1,3,'exterior','vacio',16578,'luxury'),(4602,1,1,'exterior','vacio',3816,'estandar'),(4603,1,2,'exterior','vacio',3033,'estandar'),(4604,1,3,'exterior','vacio',4063,'estandar'),(4605,1,4,'exterior','vacio',1094,'estandar'),(4606,1,3,'exterior','vacio',1943,'luxury'),(4607,1,3,'exterior','vacio',10280,'luxury'),(4608,1,3,'exterior','vacio',2980,'estandar'),(4609,1,4,'exterior','vacio',2172,'estandar'),(4610,1,2,'exterior','vacio',2000,'estandar'),(4611,1,4,'exterior','vacio',13825,'luxury'),(4612,1,1,'exterior','vacio',4802,'estandar'),(4701,1,3,'exterior','vacio',3825,'luxury'),(4702,1,1,'exterior','vacio',4168,'estandar'),(4703,1,4,'exterior','vacio',4483,'estandar'),(4704,1,4,'exterior','vacio',3583,'estandar'),(4705,1,4,'exterior','vacio',2555,'estandar'),(4706,1,3,'exterior','vacio',691,'estandar'),(4707,1,2,'exterior','vacio',899,'estandar'),(4708,1,1,'exterior','vacio',1572,'estandar'),(4709,1,3,'exterior','vacio',1580,'estandar'),(4710,1,4,'exterior','vacio',130,'estandar'),(4711,1,2,'exterior','vacio',841,'estandar'),(4712,1,3,'exterior','vacio',4781,'estandar'),(4801,1,2,'exterior','vacio',314,'estandar'),(4802,1,3,'exterior','vacio',27399,'luxury'),(4803,1,2,'exterior','vacio',375,'estandar'),(4804,1,4,'exterior','vacio',2331,'estandar'),(4805,1,3,'exterior','vacio',2256,'estandar'),(4806,1,3,'exterior','vacio',2336,'estandar'),(4807,1,4,'exterior','vacio',12371,'luxury'),(4808,1,1,'exterior','vacio',315,'estandar'),(4809,1,4,'exterior','vacio',25383,'luxury'),(4810,1,3,'exterior','vacio',4136,'estandar'),(4811,1,2,'exterior','vacio',147,'estandar'),(4812,1,3,'exterior','vacio',4053,'estandar'),(4901,1,2,'exterior','vacio',4542,'estandar'),(4902,1,3,'exterior','vacio',765,'estandar'),(4903,1,3,'exterior','vacio',2664,'estandar'),(4904,1,3,'exterior','vacio',16538,'luxury'),(4905,1,4,'exterior','vacio',9762,'luxury'),(4906,1,3,'exterior','vacio',24919,'luxury'),(4907,1,1,'exterior','vacio',178,'estandar'),(4908,1,4,'exterior','vacio',1090,'estandar'),(4909,1,2,'exterior','vacio',3982,'estandar'),(4910,1,3,'exterior','vacio',33655,'luxury'),(4911,1,2,'exterior','vacio',3819,'estandar'),(4912,1,2,'exterior','vacio',4250,'estandar'),(5001,1,4,'exterior','vacio',1763,'estandar'),(5002,1,1,'exterior','vacio',2119,'estandar'),(5003,1,4,'exterior','vacio',8793,'luxury'),(5004,1,3,'exterior','vacio',2951,'estandar'),(5005,1,4,'exterior','vacio',21802,'luxury'),(5006,1,4,'exterior','vacio',11387,'luxury'),(5007,1,4,'exterior','vacio',4891,'estandar'),(5008,1,1,'exterior','vacio',1993,'estandar'),(5009,1,1,'exterior','vacio',2598,'estandar'),(5010,1,1,'exterior','vacio',684,'estandar'),(5011,1,4,'exterior','vacio',1700,'estandar'),(5012,1,2,'exterior','vacio',2967,'estandar'),(5101,1,3,'exterior','vacio',19432,'luxury'),(5102,1,3,'exterior','vacio',25797,'luxury'),(5103,1,4,'exterior','vacio',3125,'estandar'),(5104,1,1,'exterior','vacio',275,'estandar'),(5105,1,3,'exterior','vacio',1898,'estandar'),(5106,1,2,'exterior','vacio',708,'estandar'),(5107,1,4,'exterior','vacio',2221,'estandar'),(5108,1,2,'exterior','vacio',2441,'estandar'),(5109,1,3,'exterior','vacio',17237,'luxury'),(5110,1,4,'exterior','vacio',12959,'luxury'),(5111,1,4,'exterior','vacio',3068,'estandar'),(5112,1,2,'exterior','vacio',4257,'estandar'),(5201,1,3,'exterior','vacio',8045,'luxury'),(5202,1,2,'exterior','vacio',3095,'estandar'),(5203,1,3,'exterior','vacio',6805,'luxury'),(5204,1,2,'exterior','vacio',3511,'estandar'),(5205,1,3,'exterior','vacio',4337,'estandar'),(5206,1,3,'exterior','vacio',35038,'luxury'),(5207,1,4,'exterior','vacio',35290,'luxury'),(5208,1,2,'exterior','vacio',5059,'estandar'),(5209,1,3,'exterior','vacio',209,'estandar'),(5210,1,4,'exterior','vacio',13097,'luxury'),(5211,1,4,'exterior','vacio',3225,'estandar'),(5212,1,3,'exterior','vacio',4706,'estandar'),(5301,1,2,'exterior','vacio',4417,'estandar'),(5302,1,4,'exterior','vacio',4034,'estandar'),(5303,1,3,'exterior','vacio',2851,'estandar'),(5304,1,3,'exterior','vacio',257,'estandar'),(5305,1,1,'exterior','vacio',4370,'estandar'),(5306,1,4,'exterior','vacio',26276,'luxury'),(5307,1,4,'exterior','vacio',2109,'luxury'),(5308,1,4,'exterior','vacio',18440,'luxury'),(5309,1,4,'exterior','vacio',1320,'estandar'),(5310,1,3,'exterior','vacio',25667,'luxury'),(5311,1,1,'exterior','vacio',4384,'estandar'),(5312,1,4,'exterior','vacio',18627,'luxury'),(5401,1,2,'exterior','vacio',3558,'estandar'),(5402,1,3,'exterior','vacio',16000,'luxury'),(5403,1,2,'exterior','vacio',108,'estandar'),(5404,1,4,'exterior','vacio',19440,'luxury'),(5405,1,4,'exterior','vacio',716,'estandar'),(5406,1,4,'exterior','vacio',4663,'estandar'),(5407,1,4,'exterior','vacio',5921,'luxury'),(5408,1,3,'exterior','vacio',3998,'estandar'),(5409,1,1,'exterior','vacio',1691,'estandar'),(5410,1,1,'exterior','vacio',669,'estandar'),(5411,1,2,'exterior','vacio',3717,'estandar'),(5412,1,3,'exterior','vacio',4235,'estandar'),(5501,1,4,'exterior','vacio',3927,'estandar'),(5502,1,3,'exterior','vacio',3073,'estandar'),(5503,1,3,'exterior','vacio',1706,'estandar'),(5504,1,4,'exterior','vacio',703,'estandar'),(5505,1,4,'exterior','vacio',1203,'estandar'),(5506,1,3,'exterior','vacio',11685,'luxury'),(5507,1,4,'exterior','vacio',4655,'estandar'),(5508,1,1,'exterior','vacio',1434,'estandar'),(5509,1,3,'exterior','vacio',28595,'luxury'),(5510,1,4,'exterior','vacio',1441,'estandar'),(5511,1,4,'exterior','vacio',34230,'luxury'),(5512,1,3,'exterior','vacio',3903,'estandar'),(5601,1,3,'exterior','vacio',1818,'estandar'),(5602,1,4,'exterior','vacio',3420,'estandar'),(5603,1,4,'exterior','vacio',430,'estandar'),(5604,1,4,'exterior','vacio',4828,'luxury'),(5605,1,4,'exterior','vacio',2724,'luxury'),(5606,1,2,'exterior','vacio',3552,'estandar'),(5607,1,3,'exterior','vacio',775,'estandar'),(5608,1,3,'exterior','vacio',26223,'luxury'),(5609,1,1,'exterior','vacio',3206,'estandar'),(5610,1,2,'exterior','vacio',2009,'estandar'),(5611,1,4,'exterior','vacio',3610,'estandar'),(5612,1,4,'exterior','vacio',334,'estandar'),(5701,1,2,'exterior','vacio',4922,'estandar'),(5702,1,3,'exterior','vacio',3650,'estandar'),(5703,1,3,'exterior','vacio',3499,'estandar'),(5704,1,3,'exterior','vacio',3771,'estandar'),(5705,1,3,'exterior','vacio',1982,'estandar'),(5706,1,4,'exterior','vacio',588,'estandar'),(5707,1,2,'exterior','vacio',3799,'estandar'),(5708,1,1,'exterior','vacio',4066,'estandar'),(5709,1,1,'exterior','vacio',3028,'estandar'),(5710,1,1,'exterior','vacio',3211,'estandar'),(5711,1,1,'exterior','vacio',4088,'estandar'),(5712,1,3,'exterior','vacio',19209,'luxury'),(5801,1,3,'exterior','vacio',2332,'estandar'),(5802,1,3,'exterior','vacio',3536,'estandar'),(5803,1,2,'exterior','vacio',4727,'estandar'),(5804,1,2,'exterior','vacio',4059,'estandar'),(5805,1,3,'exterior','vacio',30133,'luxury'),(5806,1,3,'exterior','vacio',10068,'luxury'),(5807,1,3,'exterior','vacio',1696,'estandar'),(5808,1,3,'exterior','vacio',3536,'estandar'),(5809,1,3,'exterior','vacio',3666,'estandar'),(5810,1,4,'exterior','vacio',5896,'luxury'),(5811,1,2,'exterior','vacio',2545,'estandar'),(5812,1,1,'exterior','vacio',4141,'estandar'),(5901,1,3,'exterior','vacio',4273,'estandar'),(5902,1,3,'exterior','vacio',14726,'luxury'),(5903,1,1,'exterior','vacio',3013,'estandar'),(5904,1,4,'exterior','vacio',907,'estandar'),(5905,1,1,'exterior','vacio',328,'estandar'),(5906,1,4,'exterior','vacio',11395,'luxury'),(5907,1,3,'exterior','vacio',5341,'luxury'),(5908,1,4,'exterior','vacio',11311,'luxury'),(5909,1,2,'exterior','vacio',4960,'estandar'),(5910,1,1,'exterior','vacio',716,'estandar'),(5911,1,2,'exterior','vacio',4542,'estandar'),(5912,1,2,'exterior','vacio',4237,'estandar'),(6001,1,4,'exterior','vacio',11956,'luxury'),(6002,1,4,'exterior','vacio',473,'estandar'),(6003,1,3,'exterior','vacio',1526,'estandar'),(6004,1,2,'exterior','vacio',2154,'estandar'),(6005,1,2,'exterior','vacio',2058,'estandar'),(6006,1,3,'exterior','vacio',1130,'estandar'),(6007,1,3,'exterior','vacio',295,'estandar'),(6008,1,2,'exterior','vacio',2317,'estandar'),(6009,1,2,'exterior','vacio',391,'estandar'),(6010,1,3,'exterior','vacio',4085,'estandar'),(6011,1,3,'exterior','vacio',27494,'luxury'),(6012,1,3,'exterior','vacio',600,'estandar'),(6101,1,3,'exterior','vacio',1610,'estandar'),(6102,1,1,'exterior','vacio',3825,'estandar'),(6103,1,2,'exterior','vacio',893,'estandar'),(6104,1,4,'exterior','vacio',2129,'estandar'),(6105,1,1,'exterior','vacio',1294,'estandar'),(6106,1,4,'exterior','vacio',5259,'luxury'),(6107,1,2,'exterior','vacio',2444,'estandar'),(6108,1,3,'exterior','vacio',2264,'estandar'),(6109,1,4,'exterior','vacio',4787,'luxury'),(6110,1,3,'exterior','vacio',22866,'luxury'),(6111,1,1,'exterior','vacio',1255,'estandar'),(6112,1,1,'exterior','vacio',140,'estandar'),(6201,1,3,'exterior','vacio',36135,'luxury'),(6202,1,4,'exterior','vacio',1057,'estandar'),(6203,1,3,'exterior','vacio',737,'estandar'),(6204,1,4,'exterior','vacio',2662,'estandar'),(6205,1,1,'exterior','vacio',4709,'estandar'),(6206,1,1,'exterior','vacio',4944,'estandar'),(6207,1,3,'exterior','vacio',4158,'estandar'),(6208,1,1,'exterior','vacio',3449,'estandar'),(6209,1,2,'exterior','vacio',1719,'estandar'),(6210,1,2,'exterior','vacio',4311,'estandar'),(6211,1,3,'exterior','vacio',2877,'estandar'),(6212,1,4,'exterior','vacio',2005,'estandar'),(6301,1,4,'exterior','vacio',6592,'luxury'),(6302,1,4,'exterior','vacio',1849,'estandar'),(6303,1,2,'exterior','vacio',1653,'estandar'),(6304,1,3,'exterior','vacio',2207,'estandar'),(6305,1,3,'exterior','vacio',23490,'luxury'),(6306,1,2,'exterior','vacio',4312,'estandar'),(6307,1,3,'exterior','vacio',2399,'estandar'),(6308,1,4,'exterior','vacio',2694,'estandar'),(6309,1,4,'exterior','vacio',4838,'estandar'),(6310,1,4,'exterior','vacio',1115,'estandar'),(6311,1,1,'exterior','vacio',4297,'estandar'),(6312,1,3,'exterior','vacio',4029,'estandar'),(6401,1,1,'exterior','vacio',3739,'estandar'),(6402,1,4,'exterior','vacio',10345,'luxury'),(6403,1,1,'exterior','vacio',2338,'estandar'),(6404,1,4,'exterior','vacio',32840,'luxury'),(6405,1,3,'exterior','vacio',28261,'luxury'),(6406,1,2,'exterior','vacio',1400,'estandar'),(6407,1,3,'exterior','vacio',23745,'luxury'),(6408,1,3,'exterior','vacio',25508,'luxury'),(6409,1,2,'exterior','vacio',4286,'estandar'),(6410,1,1,'exterior','vacio',2175,'estandar'),(6411,1,4,'exterior','vacio',1248,'estandar'),(6412,1,4,'exterior','vacio',4960,'estandar'),(6501,1,4,'exterior','vacio',4667,'estandar'),(6502,1,2,'exterior','vacio',1036,'estandar'),(6503,1,3,'exterior','vacio',13134,'luxury'),(6504,1,3,'exterior','vacio',9290,'luxury'),(6505,1,3,'exterior','vacio',4917,'estandar'),(6506,1,2,'exterior','vacio',539,'estandar'),(6507,1,3,'exterior','vacio',15347,'luxury'),(6508,1,1,'exterior','vacio',3207,'estandar'),(6509,1,2,'exterior','vacio',4240,'estandar'),(6510,1,4,'exterior','vacio',3243,'estandar'),(6511,1,3,'exterior','vacio',3228,'estandar'),(6512,1,4,'exterior','vacio',31099,'luxury'),(6601,1,1,'exterior','vacio',312,'estandar'),(6602,1,3,'exterior','vacio',6414,'luxury'),(6603,1,2,'exterior','vacio',1958,'estandar'),(6604,1,1,'exterior','vacio',3745,'estandar'),(6605,1,2,'exterior','vacio',3574,'estandar'),(6606,1,3,'exterior','vacio',310,'estandar'),(6607,1,1,'exterior','vacio',3175,'estandar'),(6608,1,3,'exterior','vacio',3960,'estandar'),(6609,1,4,'exterior','vacio',2355,'estandar'),(6610,1,1,'exterior','vacio',631,'estandar'),(6611,1,3,'exterior','vacio',3080,'estandar'),(6612,1,3,'exterior','vacio',1162,'estandar'),(6701,1,1,'exterior','vacio',5004,'estandar'),(6702,1,3,'exterior','vacio',5052,'estandar'),(6703,1,4,'exterior','vacio',1790,'estandar'),(6704,1,4,'exterior','vacio',31465,'luxury'),(6705,1,3,'exterior','vacio',5027,'estandar'),(6706,1,1,'exterior','vacio',930,'estandar'),(6707,1,1,'exterior','vacio',5040,'estandar'),(6708,1,4,'exterior','vacio',4896,'estandar'),(6709,1,1,'exterior','vacio',4878,'estandar'),(6710,1,1,'exterior','vacio',451,'estandar'),(6711,1,4,'exterior','vacio',20275,'luxury'),(6712,1,4,'exterior','vacio',11636,'luxury'),(6801,1,1,'exterior','vacio',3225,'estandar'),(6802,1,3,'exterior','vacio',35752,'luxury'),(6803,1,4,'exterior','vacio',31545,'luxury'),(6804,1,1,'exterior','vacio',4862,'estandar'),(6805,1,2,'exterior','vacio',310,'estandar'),(6806,1,3,'exterior','vacio',8814,'luxury'),(6807,1,3,'exterior','vacio',21201,'luxury'),(6808,1,1,'exterior','vacio',974,'estandar'),(6809,1,2,'exterior','vacio',1565,'estandar'),(6810,1,3,'exterior','vacio',3827,'estandar'),(6811,1,4,'exterior','vacio',21807,'luxury'),(6812,1,4,'exterior','vacio',3820,'luxury'),(6901,1,3,'exterior','vacio',3406,'estandar'),(6902,1,1,'exterior','vacio',1309,'estandar'),(6903,1,4,'exterior','vacio',25812,'luxury'),(6904,1,3,'exterior','vacio',286,'estandar'),(6905,1,3,'exterior','vacio',363,'estandar'),(6906,1,4,'exterior','vacio',33832,'luxury'),(6907,1,3,'exterior','vacio',3512,'estandar'),(6908,1,1,'exterior','vacio',2921,'estandar'),(6909,1,3,'exterior','vacio',4163,'estandar'),(6910,1,4,'exterior','vacio',2210,'estandar'),(6911,1,3,'exterior','vacio',2828,'estandar'),(6912,1,3,'exterior','vacio',2150,'estandar'),(7001,1,4,'exterior','vacio',3825,'estandar'),(7002,1,4,'exterior','vacio',25725,'luxury'),(7003,1,4,'exterior','vacio',2620,'estandar'),(7004,1,3,'exterior','vacio',23476,'luxury'),(7005,1,3,'exterior','vacio',2803,'estandar'),(7006,1,3,'exterior','vacio',3144,'estandar'),(7007,1,3,'exterior','vacio',16201,'luxury'),(7008,1,3,'exterior','vacio',4227,'luxury'),(7009,1,4,'exterior','vacio',1286,'estandar'),(7010,1,2,'exterior','vacio',4722,'estandar'),(7011,1,1,'exterior','vacio',2917,'estandar'),(7012,1,1,'exterior','vacio',2012,'estandar'),(7101,1,1,'exterior','vacio',871,'estandar'),(7102,1,2,'exterior','vacio',4924,'estandar'),(7103,1,2,'exterior','vacio',1055,'estandar'),(7104,1,3,'exterior','vacio',23930,'luxury'),(7105,1,3,'exterior','vacio',3044,'estandar'),(7106,1,1,'exterior','vacio',3618,'estandar'),(7107,1,2,'exterior','vacio',2127,'estandar'),(7108,1,2,'exterior','vacio',1964,'estandar'),(7109,1,1,'exterior','vacio',913,'estandar'),(7110,1,4,'exterior','vacio',2550,'luxury'),(7111,1,2,'exterior','vacio',1244,'estandar'),(7112,1,3,'exterior','vacio',563,'estandar'),(7201,1,3,'exterior','vacio',12791,'luxury'),(7202,1,3,'exterior','vacio',192,'estandar'),(7203,1,4,'exterior','vacio',31936,'luxury'),(7204,1,3,'exterior','vacio',2443,'estandar'),(7205,1,4,'exterior','vacio',3735,'estandar'),(7206,1,3,'exterior','vacio',1790,'estandar'),(7207,1,2,'exterior','vacio',5085,'estandar'),(7208,1,3,'exterior','vacio',1111,'estandar'),(7209,1,3,'exterior','vacio',3428,'estandar'),(7210,1,3,'exterior','vacio',4972,'estandar'),(7211,1,3,'exterior','vacio',3353,'estandar'),(7212,1,2,'exterior','vacio',4541,'estandar'),(7301,1,4,'exterior','vacio',1614,'estandar'),(7302,1,1,'exterior','vacio',1057,'estandar'),(7303,1,1,'exterior','vacio',1524,'estandar'),(7304,1,4,'exterior','vacio',563,'estandar'),(7305,1,3,'exterior','vacio',11858,'luxury'),(7306,1,1,'exterior','vacio',2685,'estandar'),(7307,1,2,'exterior','vacio',1722,'estandar'),(7308,1,4,'exterior','vacio',2437,'estandar'),(7309,1,1,'exterior','vacio',1343,'estandar'),(7310,1,4,'exterior','vacio',6362,'luxury'),(7311,1,3,'exterior','vacio',1644,'luxury'),(7312,1,4,'exterior','vacio',2085,'estandar'),(7401,1,3,'exterior','vacio',32411,'luxury'),(7402,1,4,'exterior','vacio',35143,'luxury'),(7403,1,3,'exterior','vacio',3209,'estandar'),(7404,1,3,'exterior','vacio',2477,'luxury'),(7405,1,3,'exterior','vacio',34260,'luxury'),(7406,1,2,'exterior','vacio',3267,'estandar'),(7407,1,3,'exterior','vacio',626,'estandar'),(7408,1,4,'exterior','vacio',33163,'luxury'),(7409,1,1,'exterior','vacio',4099,'estandar'),(7410,1,3,'exterior','vacio',4620,'estandar'),(7411,1,3,'exterior','vacio',27443,'luxury'),(7412,1,1,'exterior','vacio',482,'estandar'),(7501,1,1,'exterior','vacio',1851,'estandar'),(7502,1,2,'exterior','vacio',2356,'estandar'),(7503,1,2,'exterior','vacio',870,'estandar'),(7504,1,4,'exterior','vacio',3529,'estandar'),(7505,1,4,'exterior','vacio',3264,'estandar'),(7506,1,1,'exterior','vacio',3348,'estandar'),(7507,1,1,'exterior','vacio',825,'estandar'),(7508,1,3,'exterior','vacio',3722,'estandar'),(7509,1,2,'exterior','vacio',3442,'estandar'),(7510,1,4,'exterior','vacio',20072,'luxury'),(7511,1,4,'exterior','vacio',30135,'luxury'),(7512,1,4,'exterior','vacio',2753,'estandar'),(7601,1,4,'exterior','vacio',15456,'luxury'),(7602,1,2,'exterior','vacio',2167,'estandar'),(7603,1,1,'exterior','vacio',2453,'estandar'),(7604,1,4,'exterior','vacio',5095,'estandar'),(7605,1,3,'exterior','vacio',27145,'luxury'),(7606,1,4,'exterior','vacio',3373,'estandar'),(7607,1,1,'exterior','vacio',722,'estandar'),(7608,1,4,'exterior','vacio',3274,'estandar'),(7609,1,2,'exterior','vacio',2301,'estandar'),(7610,1,3,'exterior','vacio',2798,'luxury'),(7611,1,2,'exterior','vacio',2385,'estandar'),(7612,1,3,'exterior','vacio',7954,'luxury'),(7701,1,1,'exterior','vacio',3546,'estandar'),(7702,1,3,'exterior','vacio',969,'estandar'),(7703,1,2,'exterior','vacio',3396,'estandar'),(7704,1,1,'exterior','vacio',5083,'estandar'),(7705,1,4,'exterior','vacio',12484,'luxury'),(7706,1,2,'exterior','vacio',3903,'estandar'),(7707,1,3,'exterior','vacio',2398,'estandar'),(7708,1,4,'exterior','vacio',4834,'estandar'),(7709,1,3,'exterior','vacio',3740,'estandar'),(7710,1,3,'exterior','vacio',1751,'luxury'),(7711,1,4,'exterior','vacio',3354,'estandar'),(7712,1,3,'exterior','vacio',2110,'estandar'),(7801,1,3,'exterior','vacio',8928,'luxury'),(7802,1,3,'exterior','vacio',35976,'luxury'),(7803,1,2,'exterior','vacio',2906,'estandar'),(7804,1,3,'exterior','vacio',2453,'estandar'),(7805,1,1,'exterior','vacio',1291,'estandar'),(7806,1,1,'exterior','vacio',2626,'estandar'),(7807,1,1,'exterior','vacio',768,'estandar'),(7808,1,3,'exterior','vacio',4792,'estandar'),(7809,1,4,'exterior','vacio',35675,'luxury'),(7810,1,1,'exterior','vacio',313,'estandar'),(7811,1,4,'exterior','vacio',712,'estandar'),(7812,1,4,'exterior','vacio',15723,'luxury'),(7901,1,3,'exterior','vacio',929,'estandar'),(7902,1,2,'exterior','vacio',2959,'estandar'),(7903,1,3,'exterior','vacio',1774,'estandar'),(7904,1,4,'exterior','vacio',3005,'estandar'),(7905,1,3,'exterior','vacio',1742,'estandar'),(7906,1,4,'exterior','vacio',300,'estandar'),(7907,1,1,'exterior','vacio',796,'estandar'),(7908,1,3,'exterior','vacio',17136,'luxury'),(7909,1,4,'exterior','vacio',1200,'estandar'),(7910,1,1,'exterior','vacio',589,'estandar'),(7911,1,3,'exterior','vacio',4300,'estandar'),(7912,1,3,'exterior','vacio',33710,'luxury'),(8001,1,1,'exterior','vacio',3860,'estandar'),(8002,1,4,'exterior','vacio',934,'estandar'),(8003,1,2,'exterior','vacio',3436,'estandar'),(8004,1,2,'exterior','vacio',2673,'estandar'),(8005,1,3,'exterior','hecho',34629,'luxury'),(8006,1,4,'exterior','vacio',2101,'luxury'),(8007,1,2,'exterior','vacio',3735,'estandar'),(8008,1,3,'exterior','vacio',1436,'estandar'),(8009,1,2,'exterior','vacio',626,'estandar'),(8010,1,4,'exterior','vacio',3581,'estandar'),(8011,1,1,'exterior','vacio',735,'estandar'),(8012,1,4,'exterior','vacio',3723,'estandar'),(8101,1,3,'exterior','vacio',1310,'estandar'),(8102,1,3,'exterior','vacio',23307,'luxury'),(8103,1,2,'exterior','vacio',2321,'estandar'),(8104,1,2,'exterior','vacio',683,'estandar'),(8105,1,4,'exterior','vacio',4089,'estandar'),(8106,1,1,'exterior','vacio',3889,'estandar'),(8107,1,3,'exterior','vacio',2473,'estandar'),(8108,1,2,'exterior','vacio',1648,'estandar'),(8109,1,4,'exterior','vacio',4052,'estandar'),(8110,1,4,'exterior','vacio',4901,'estandar'),(8111,1,4,'exterior','vacio',1492,'estandar'),(8112,1,3,'exterior','vacio',22386,'luxury'),(8201,1,1,'exterior','vacio',2706,'estandar'),(8202,1,3,'exterior','vacio',4053,'estandar'),(8203,1,3,'exterior','vacio',3773,'estandar'),(8204,1,3,'exterior','vacio',715,'estandar'),(8205,1,1,'exterior','vacio',3474,'estandar'),(8206,1,2,'exterior','vacio',5065,'estandar'),(8207,1,1,'exterior','vacio',3063,'estandar'),(8208,1,2,'exterior','vacio',4351,'estandar'),(8209,1,4,'exterior','vacio',2664,'estandar'),(8210,1,4,'exterior','vacio',4260,'estandar'),(8211,1,3,'exterior','vacio',24873,'luxury'),(8212,1,1,'exterior','vacio',2736,'estandar'),(8301,1,4,'exterior','vacio',1515,'estandar'),(8302,1,1,'exterior','vacio',4432,'estandar'),(8303,1,4,'exterior','vacio',21151,'luxury'),(8304,1,4,'exterior','vacio',3014,'estandar'),(8305,1,2,'exterior','vacio',1937,'estandar'),(8306,1,3,'exterior','vacio',11166,'luxury'),(8307,1,1,'exterior','vacio',3349,'estandar'),(8308,1,2,'exterior','vacio',1551,'estandar'),(8309,1,1,'exterior','vacio',5079,'estandar'),(8310,1,3,'exterior','vacio',18223,'luxury'),(8311,1,1,'exterior','vacio',3967,'estandar'),(8312,1,2,'exterior','vacio',1208,'estandar'),(8401,1,2,'exterior','vacio',3773,'estandar'),(8402,1,3,'exterior','vacio',1658,'estandar'),(8403,1,3,'exterior','vacio',1355,'estandar'),(8404,1,3,'exterior','vacio',4696,'estandar'),(8405,1,2,'exterior','vacio',4854,'estandar'),(8406,1,3,'exterior','vacio',18843,'luxury'),(8407,1,3,'exterior','vacio',35752,'luxury'),(8408,1,2,'exterior','vacio',4885,'estandar'),(8409,1,1,'exterior','vacio',4917,'estandar'),(8410,1,3,'exterior','vacio',14059,'luxury'),(8411,1,2,'exterior','vacio',4576,'estandar'),(8412,1,4,'exterior','vacio',14566,'luxury'),(8501,1,1,'exterior','vacio',3330,'estandar'),(8502,1,4,'exterior','vacio',2746,'estandar'),(8503,1,3,'exterior','vacio',3889,'luxury'),(8504,1,4,'exterior','vacio',100,'estandar'),(8505,1,1,'exterior','vacio',444,'estandar'),(8506,1,3,'exterior','vacio',2830,'estandar'),(8507,1,4,'exterior','vacio',3721,'estandar'),(8508,1,3,'exterior','vacio',27366,'luxury'),(8509,1,3,'exterior','vacio',425,'estandar'),(8510,1,4,'exterior','vacio',3006,'estandar'),(8511,1,3,'exterior','vacio',5071,'estandar'),(8512,1,2,'exterior','vacio',2952,'estandar'),(8601,1,1,'exterior','vacio',1585,'estandar'),(8602,1,3,'exterior','vacio',1415,'estandar'),(8603,1,4,'exterior','vacio',15623,'luxury'),(8604,1,4,'exterior','vacio',4070,'estandar'),(8605,1,1,'exterior','vacio',4145,'estandar'),(8606,1,4,'exterior','vacio',2490,'estandar'),(8607,1,2,'exterior','vacio',4253,'estandar'),(8608,1,2,'exterior','vacio',1170,'estandar'),(8609,1,4,'exterior','vacio',1339,'estandar'),(8610,1,4,'exterior','vacio',27745,'luxury'),(8611,1,4,'exterior','vacio',12515,'luxury'),(8612,1,4,'exterior','vacio',2360,'estandar'),(8701,1,4,'exterior','vacio',26354,'luxury'),(8702,1,1,'exterior','vacio',156,'estandar'),(8703,1,2,'exterior','vacio',4493,'estandar'),(8704,1,3,'exterior','vacio',17843,'luxury'),(8705,1,4,'exterior','vacio',4043,'estandar'),(8706,1,1,'exterior','vacio',205,'estandar'),(8707,1,2,'exterior','vacio',1626,'estandar'),(8708,1,1,'exterior','vacio',126,'estandar'),(8709,1,1,'exterior','vacio',4447,'estandar'),(8710,1,4,'exterior','vacio',23019,'luxury'),(8711,1,4,'exterior','vacio',1781,'estandar'),(8712,1,4,'exterior','vacio',25617,'luxury'),(8801,1,3,'exterior','vacio',4909,'estandar'),(8802,1,4,'exterior','vacio',3391,'estandar'),(8803,1,3,'exterior','vacio',11761,'luxury'),(8804,1,4,'exterior','vacio',26573,'luxury'),(8805,1,2,'exterior','vacio',1596,'estandar'),(8806,1,2,'exterior','vacio',2497,'estandar'),(8807,1,4,'exterior','vacio',24675,'luxury'),(8808,1,2,'exterior','vacio',2718,'estandar'),(8809,1,4,'exterior','vacio',3902,'estandar'),(8810,1,4,'exterior','vacio',1965,'luxury'),(8811,1,1,'exterior','vacio',3577,'estandar'),(8812,1,1,'exterior','vacio',3612,'estandar'),(8901,1,2,'exterior','vacio',1745,'estandar'),(8902,1,1,'exterior','vacio',4328,'estandar'),(8903,1,3,'exterior','vacio',2809,'estandar'),(8904,1,4,'exterior','vacio',7342,'luxury'),(8905,1,2,'exterior','vacio',3951,'estandar'),(8906,1,4,'exterior','vacio',23577,'luxury'),(8907,1,3,'exterior','vacio',980,'estandar'),(8908,1,3,'exterior','vacio',724,'estandar'),(8909,1,3,'exterior','vacio',2773,'estandar'),(8910,1,2,'exterior','vacio',2774,'estandar'),(8911,1,1,'exterior','vacio',1401,'estandar'),(8912,1,1,'exterior','vacio',3623,'estandar'),(9001,1,2,'exterior','vacio',4896,'estandar'),(9002,1,2,'exterior','vacio',4732,'estandar'),(9003,1,1,'exterior','vacio',1741,'estandar'),(9004,1,3,'exterior','vacio',20847,'luxury'),(9005,1,4,'exterior','vacio',7995,'luxury'),(9006,1,4,'exterior','vacio',1874,'estandar'),(9007,1,1,'exterior','vacio',1368,'estandar'),(9008,1,3,'exterior','vacio',2544,'estandar'),(9009,1,2,'exterior','vacio',2877,'estandar'),(9010,1,3,'exterior','vacio',5915,'luxury'),(9011,1,3,'exterior','vacio',2724,'estandar'),(9012,1,3,'exterior','vacio',858,'estandar'),(9101,1,3,'exterior','vacio',27896,'luxury'),(9102,1,1,'exterior','vacio',3542,'estandar'),(9103,1,2,'exterior','vacio',2575,'estandar'),(9104,1,1,'exterior','vacio',3740,'estandar'),(9105,1,1,'exterior','vacio',3116,'estandar'),(9106,1,3,'exterior','vacio',1244,'estandar'),(9107,1,2,'exterior','vacio',3135,'estandar'),(9108,1,4,'exterior','vacio',2237,'estandar'),(9109,1,1,'exterior','vacio',3658,'estandar'),(9110,1,3,'exterior','vacio',20421,'luxury'),(9111,1,3,'exterior','vacio',173,'estandar'),(9112,1,2,'exterior','vacio',198,'estandar'),(9201,1,2,'exterior','vacio',2965,'estandar'),(9202,1,3,'exterior','vacio',2543,'estandar'),(9203,1,2,'exterior','vacio',1730,'estandar'),(9204,1,4,'exterior','vacio',9743,'luxury'),(9205,1,3,'exterior','vacio',2762,'estandar'),(9206,1,4,'exterior','vacio',16124,'luxury'),(9207,1,4,'exterior','vacio',30926,'luxury'),(9208,1,4,'exterior','vacio',8228,'luxury'),(9209,1,3,'exterior','vacio',3712,'estandar'),(9210,1,3,'exterior','vacio',6510,'luxury'),(9211,1,1,'exterior','vacio',2695,'estandar'),(9212,1,4,'exterior','vacio',2956,'estandar'),(9301,1,4,'exterior','vacio',29234,'luxury'),(9302,1,3,'exterior','vacio',4426,'estandar'),(9303,1,2,'exterior','vacio',3478,'estandar'),(9304,1,1,'exterior','vacio',910,'estandar'),(9305,1,3,'exterior','vacio',2282,'estandar'),(9306,1,4,'exterior','vacio',4223,'estandar'),(9307,1,3,'exterior','vacio',1246,'estandar'),(9308,1,2,'exterior','vacio',1473,'estandar'),(9309,1,1,'exterior','vacio',3712,'estandar'),(9310,1,1,'exterior','vacio',4785,'estandar'),(9311,1,4,'exterior','vacio',33422,'luxury'),(9312,1,4,'exterior','vacio',1982,'estandar'),(9401,1,2,'exterior','vacio',2143,'estandar'),(9402,1,2,'exterior','vacio',1702,'estandar'),(9403,1,2,'exterior','vacio',4222,'estandar'),(9404,1,3,'exterior','vacio',1564,'estandar'),(9405,1,1,'exterior','vacio',3545,'estandar'),(9406,1,1,'exterior','vacio',1540,'estandar'),(9407,1,2,'exterior','vacio',4446,'estandar'),(9408,1,1,'exterior','vacio',1488,'estandar'),(9409,1,4,'exterior','vacio',25689,'luxury'),(9410,1,3,'exterior','vacio',4046,'estandar'),(9411,1,4,'exterior','vacio',26025,'luxury'),(9412,1,1,'exterior','vacio',1478,'estandar'),(9501,1,3,'exterior','vacio',22606,'luxury'),(9502,1,4,'exterior','vacio',2217,'estandar'),(9503,1,4,'exterior','vacio',14824,'luxury'),(9504,1,1,'exterior','vacio',880,'estandar'),(9505,1,4,'exterior','vacio',2199,'luxury'),(9506,1,4,'exterior','vacio',4815,'estandar'),(9507,1,2,'exterior','vacio',3788,'estandar'),(9508,1,3,'exterior','vacio',21770,'luxury'),(9509,1,4,'exterior','vacio',4393,'estandar'),(9510,1,3,'exterior','vacio',3183,'estandar'),(9511,1,3,'exterior','vacio',4627,'estandar'),(9512,1,2,'exterior','vacio',744,'estandar'),(9601,1,3,'exterior','vacio',16518,'luxury'),(9602,1,4,'exterior','vacio',7798,'luxury'),(9603,1,3,'exterior','vacio',13819,'luxury'),(9604,1,3,'exterior','vacio',15821,'luxury'),(9605,1,3,'exterior','vacio',736,'estandar'),(9606,1,3,'exterior','vacio',2086,'estandar'),(9607,1,4,'exterior','vacio',23501,'luxury'),(9608,1,4,'exterior','vacio',32761,'luxury'),(9609,1,1,'exterior','vacio',1028,'estandar'),(9610,1,4,'exterior','vacio',31545,'luxury'),(9611,1,3,'exterior','vacio',24305,'luxury'),(9612,1,3,'exterior','vacio',2101,'estandar'),(9701,1,3,'exterior','vacio',4177,'estandar'),(9702,1,2,'exterior','vacio',4931,'estandar'),(9703,1,4,'exterior','vacio',4255,'estandar'),(9704,1,3,'exterior','vacio',31446,'luxury'),(9705,1,4,'exterior','vacio',607,'estandar'),(9706,1,1,'exterior','vacio',4730,'estandar'),(9707,1,1,'exterior','vacio',4726,'estandar'),(9708,1,3,'exterior','vacio',2732,'estandar'),(9709,1,2,'exterior','vacio',1740,'estandar'),(9710,1,4,'exterior','vacio',2571,'luxury'),(9711,1,1,'exterior','vacio',2781,'estandar'),(9712,1,3,'exterior','vacio',35438,'luxury'),(9801,1,4,'exterior','vacio',14201,'luxury'),(9802,1,1,'exterior','vacio',3921,'estandar'),(9803,1,1,'exterior','vacio',2774,'estandar'),(9804,1,4,'exterior','vacio',4837,'estandar'),(9805,1,1,'exterior','vacio',2764,'estandar'),(9806,1,4,'exterior','vacio',16972,'luxury'),(9807,1,3,'exterior','vacio',25667,'luxury'),(9808,1,4,'exterior','vacio',4017,'estandar'),(9809,1,1,'exterior','vacio',4399,'estandar'),(9810,1,2,'exterior','vacio',396,'estandar'),(9811,1,4,'exterior','vacio',400,'estandar'),(9812,1,4,'exterior','vacio',14259,'luxury'),(9901,1,1,'exterior','vacio',3013,'estandar'),(9902,1,3,'exterior','vacio',8985,'luxury'),(9903,1,3,'exterior','vacio',22264,'luxury'),(9904,1,4,'exterior','vacio',2136,'estandar'),(9905,1,3,'exterior','vacio',3357,'estandar'),(9906,1,3,'exterior','vacio',801,'estandar'),(9907,1,1,'exterior','vacio',3068,'estandar'),(9908,1,3,'exterior','vacio',934,'estandar'),(9909,1,3,'exterior','vacio',33199,'luxury'),(9910,1,2,'exterior','vacio',620,'estandar'),(9911,1,4,'exterior','vacio',3542,'estandar'),(9912,1,4,'exterior','vacio',4846,'luxury'),(10001,1,4,'exterior','vacio',2747,'luxury'),(10002,1,4,'exterior','vacio',184,'estandar'),(10003,1,4,'exterior','vacio',172,'estandar'),(10004,1,2,'exterior','vacio',4111,'estandar'),(10005,1,4,'exterior','vacio',3385,'estandar'),(10006,1,3,'exterior','vacio',11372,'luxury'),(10007,1,4,'exterior','vacio',3887,'estandar'),(10008,1,3,'exterior','vacio',5667,'luxury'),(10009,1,3,'exterior','vacio',3442,'estandar'),(10010,1,4,'exterior','vacio',4371,'estandar'),(10011,1,4,'exterior','vacio',3243,'estandar'),(10012,1,4,'exterior','vacio',1576,'luxury'),(10101,1,3,'exterior','vacio',1782,'estandar'),(10102,1,4,'exterior','vacio',2215,'estandar'),(10103,1,2,'exterior','vacio',2769,'estandar'),(10104,1,2,'exterior','vacio',2581,'estandar'),(10105,1,3,'exterior','vacio',11567,'luxury'),(10106,1,2,'exterior','vacio',4038,'estandar'),(10107,1,4,'exterior','vacio',488,'estandar'),(10108,1,3,'exterior','vacio',18278,'luxury'),(10109,1,4,'exterior','vacio',3427,'estandar'),(10110,1,2,'exterior','vacio',470,'estandar'),(10111,1,1,'exterior','vacio',1747,'estandar'),(10112,1,3,'exterior','vacio',34542,'luxury'),(10201,1,4,'exterior','vacio',3271,'estandar'),(10202,1,1,'exterior','vacio',657,'estandar'),(10203,1,3,'exterior','vacio',18340,'luxury'),(10204,1,1,'exterior','vacio',793,'estandar'),(10205,1,4,'exterior','vacio',3678,'estandar'),(10206,1,2,'exterior','vacio',269,'estandar'),(10207,1,3,'exterior','vacio',1717,'estandar'),(10208,1,4,'exterior','vacio',17947,'luxury'),(10209,1,4,'exterior','vacio',31193,'luxury'),(10210,1,3,'exterior','vacio',4627,'estandar'),(10211,1,1,'exterior','vacio',447,'estandar'),(10212,1,4,'exterior','vacio',904,'estandar'),(10301,1,4,'exterior','vacio',3704,'estandar'),(10302,1,3,'exterior','vacio',31113,'luxury'),(10303,1,4,'exterior','vacio',3227,'luxury'),(10304,1,4,'exterior','vacio',3897,'estandar'),(10305,1,1,'exterior','vacio',4831,'estandar'),(10306,1,3,'exterior','vacio',28614,'luxury'),(10307,1,2,'exterior','vacio',1990,'estandar'),(10308,1,4,'exterior','vacio',21688,'luxury'),(10309,1,1,'exterior','vacio',3811,'estandar'),(10310,1,3,'exterior','vacio',13146,'luxury'),(10311,1,1,'exterior','vacio',2203,'estandar'),(10312,1,4,'exterior','vacio',4712,'luxury'),(10401,1,3,'exterior','vacio',2348,'estandar'),(10402,1,1,'exterior','vacio',1552,'estandar'),(10403,1,4,'exterior','vacio',3856,'estandar'),(10404,1,3,'exterior','vacio',7299,'luxury'),(10405,1,3,'exterior','vacio',813,'estandar'),(10406,1,3,'exterior','vacio',28464,'luxury'),(10407,1,3,'exterior','vacio',31033,'luxury'),(10408,1,4,'exterior','vacio',3514,'luxury'),(10409,1,1,'exterior','vacio',4630,'estandar'),(10410,1,3,'exterior','vacio',6717,'luxury'),(10411,1,2,'exterior','vacio',4899,'estandar'),(10412,1,2,'exterior','vacio',1139,'estandar'),(10501,1,2,'exterior','vacio',4195,'estandar'),(10502,1,1,'exterior','vacio',312,'estandar'),(10503,1,2,'exterior','vacio',233,'estandar'),(10504,1,3,'exterior','vacio',3170,'estandar'),(10505,1,4,'exterior','vacio',645,'estandar'),(10506,1,1,'exterior','vacio',3119,'estandar'),(10507,1,3,'exterior','vacio',1139,'estandar'),(10508,1,3,'exterior','vacio',1758,'estandar'),(10509,1,2,'exterior','vacio',422,'estandar'),(10510,1,1,'exterior','vacio',4526,'estandar'),(10511,1,3,'exterior','vacio',1949,'estandar'),(10512,1,3,'exterior','vacio',2886,'estandar'),(10601,1,4,'exterior','vacio',30530,'luxury'),(10602,1,4,'exterior','vacio',3008,'estandar'),(10603,1,3,'exterior','vacio',4420,'estandar'),(10604,1,3,'exterior','vacio',2424,'estandar'),(10605,1,2,'exterior','vacio',1321,'estandar'),(10606,1,1,'exterior','vacio',2490,'estandar'),(10607,1,4,'exterior','vacio',626,'estandar'),(10608,1,4,'exterior','vacio',1702,'estandar'),(10609,1,4,'exterior','vacio',360,'estandar'),(10610,1,4,'exterior','vacio',308,'estandar'),(10611,1,3,'exterior','vacio',4146,'estandar'),(10612,1,3,'exterior','vacio',2334,'estandar'),(10701,1,4,'exterior','vacio',3912,'estandar'),(10702,1,3,'exterior','vacio',21445,'luxury'),(10703,1,3,'exterior','vacio',9592,'luxury'),(10704,1,4,'exterior','vacio',2669,'estandar'),(10705,1,2,'exterior','vacio',2406,'estandar'),(10706,1,3,'exterior','vacio',30442,'luxury'),(10707,1,3,'exterior','vacio',3279,'estandar'),(10708,1,3,'exterior','vacio',19191,'luxury'),(10709,1,1,'exterior','vacio',4657,'estandar'),(10710,1,4,'exterior','vacio',3042,'estandar'),(10711,1,3,'exterior','vacio',27686,'luxury'),(10712,1,3,'exterior','vacio',3477,'estandar'),(10801,1,3,'exterior','vacio',29491,'luxury'),(10802,1,4,'exterior','vacio',1505,'luxury'),(10803,1,2,'exterior','vacio',669,'estandar'),(10804,1,4,'exterior','vacio',4435,'estandar'),(10805,1,3,'exterior','vacio',2758,'estandar'),(10806,1,2,'exterior','vacio',607,'estandar'),(10807,1,4,'exterior','vacio',153,'estandar'),(10808,1,3,'exterior','vacio',2277,'luxury'),(10809,1,4,'exterior','vacio',29232,'luxury'),(10810,1,1,'exterior','vacio',2429,'estandar'),(10811,1,2,'exterior','vacio',4255,'estandar'),(10812,1,3,'exterior','vacio',24565,'luxury'),(10901,1,3,'exterior','vacio',4321,'estandar'),(10902,1,4,'exterior','vacio',27443,'luxury'),(10903,1,4,'exterior','vacio',3365,'estandar'),(10904,1,2,'exterior','vacio',2204,'estandar'),(10905,1,1,'exterior','vacio',1329,'estandar'),(10906,1,2,'exterior','vacio',2233,'estandar'),(10907,1,4,'exterior','vacio',32668,'luxury'),(10908,1,1,'exterior','vacio',4571,'estandar'),(10909,1,4,'exterior','vacio',18983,'luxury'),(10910,1,4,'exterior','vacio',1312,'estandar'),(10911,1,3,'exterior','vacio',3570,'estandar'),(10912,1,1,'exterior','vacio',4396,'estandar'),(11001,1,3,'exterior','vacio',3660,'estandar'),(11002,1,3,'exterior','vacio',795,'estandar'),(11003,1,4,'exterior','vacio',2308,'luxury'),(11004,1,3,'exterior','vacio',2402,'estandar'),(11005,1,4,'exterior','vacio',33461,'luxury'),(11006,1,2,'exterior','vacio',919,'estandar'),(11007,1,4,'exterior','vacio',2112,'estandar'),(11008,1,3,'exterior','vacio',377,'estandar'),(11009,1,3,'exterior','vacio',1951,'luxury'),(11010,1,4,'exterior','vacio',2189,'estandar'),(11011,1,1,'exterior','vacio',936,'estandar'),(11012,1,3,'exterior','vacio',4780,'estandar'),(11101,1,3,'exterior','vacio',27085,'luxury'),(11102,1,4,'exterior','vacio',3456,'estandar'),(11103,1,3,'exterior','vacio',1115,'estandar'),(11104,1,3,'exterior','vacio',3394,'estandar'),(11105,1,3,'exterior','vacio',30349,'luxury'),(11106,1,3,'exterior','vacio',4088,'estandar'),(11107,1,3,'exterior','vacio',613,'estandar'),(11108,1,3,'exterior','vacio',2315,'estandar'),(11109,1,4,'exterior','vacio',14193,'luxury'),(11110,1,3,'exterior','vacio',537,'estandar'),(11111,1,4,'exterior','vacio',23535,'luxury'),(11112,1,3,'exterior','vacio',18828,'luxury'),(11201,1,3,'exterior','vacio',32402,'luxury'),(11202,1,3,'exterior','vacio',1984,'estandar'),(11203,1,4,'exterior','vacio',1113,'estandar'),(11204,1,4,'exterior','vacio',3117,'estandar'),(11205,1,3,'exterior','vacio',814,'estandar'),(11206,1,2,'exterior','vacio',3708,'estandar'),(11207,1,4,'exterior','vacio',1252,'estandar'),(11208,1,4,'exterior','vacio',828,'estandar'),(11209,1,1,'exterior','vacio',3442,'estandar'),(11210,1,1,'exterior','vacio',2181,'estandar'),(11211,1,3,'exterior','vacio',4996,'estandar'),(11212,1,2,'exterior','vacio',3592,'estandar'),(11301,1,2,'exterior','vacio',1987,'estandar'),(11302,1,1,'exterior','vacio',3235,'estandar'),(11303,1,3,'exterior','vacio',22282,'luxury'),(11304,1,3,'exterior','vacio',27091,'luxury'),(11305,1,2,'exterior','vacio',3229,'estandar'),(11306,1,3,'exterior','vacio',12829,'luxury'),(11307,1,3,'exterior','vacio',34576,'luxury'),(11308,1,3,'exterior','vacio',4900,'estandar'),(11309,1,4,'exterior','vacio',2959,'estandar'),(11310,1,4,'exterior','vacio',17629,'luxury'),(11311,1,2,'exterior','vacio',2622,'estandar'),(11312,1,4,'exterior','vacio',3193,'estandar'),(11401,1,4,'exterior','vacio',21726,'luxury'),(11402,1,4,'exterior','vacio',1221,'estandar'),(11403,1,2,'exterior','vacio',4921,'estandar'),(11404,1,3,'exterior','vacio',3558,'estandar'),(11405,1,3,'exterior','vacio',4565,'estandar'),(11406,1,2,'exterior','vacio',2040,'estandar'),(11407,1,2,'exterior','vacio',2627,'estandar'),(11408,1,2,'exterior','vacio',452,'estandar'),(11409,1,2,'exterior','vacio',2854,'estandar'),(11410,1,1,'exterior','vacio',3591,'estandar'),(11411,1,4,'exterior','vacio',2878,'estandar'),(11412,1,1,'exterior','vacio',529,'estandar'),(11501,1,3,'exterior','vacio',1459,'estandar'),(11502,1,2,'exterior','vacio',4102,'estandar'),(11503,1,3,'exterior','vacio',4681,'estandar'),(11504,1,4,'exterior','vacio',2975,'luxury'),(11505,1,2,'exterior','vacio',2045,'estandar'),(11506,1,4,'exterior','vacio',1387,'estandar'),(11507,1,4,'exterior','vacio',3605,'estandar'),(11508,1,1,'exterior','vacio',3460,'estandar'),(11509,1,1,'exterior','vacio',2326,'estandar'),(11510,1,1,'exterior','vacio',2898,'estandar'),(11511,1,2,'exterior','vacio',4546,'estandar'),(11512,1,1,'exterior','vacio',3982,'estandar'),(11601,1,2,'exterior','vacio',3690,'estandar'),(11602,1,1,'exterior','vacio',4224,'estandar'),(11603,1,4,'exterior','vacio',36178,'luxury'),(11604,1,1,'exterior','vacio',488,'estandar'),(11605,1,3,'exterior','vacio',4143,'estandar'),(11606,1,1,'exterior','vacio',3066,'estandar'),(11607,1,3,'exterior','vacio',6951,'luxury'),(11608,1,4,'exterior','vacio',20662,'luxury'),(11609,1,2,'exterior','vacio',4389,'estandar'),(11610,1,4,'exterior','vacio',22512,'luxury'),(11611,1,2,'exterior','vacio',736,'estandar'),(11612,1,4,'exterior','vacio',2625,'estandar'),(11701,1,3,'exterior','vacio',2232,'estandar'),(11702,1,3,'exterior','vacio',23108,'luxury'),(11703,1,3,'exterior','vacio',26886,'luxury'),(11704,1,2,'exterior','vacio',2863,'estandar'),(11705,1,1,'exterior','vacio',3019,'estandar'),(11706,1,4,'exterior','vacio',4673,'estandar'),(11707,1,2,'exterior','vacio',1085,'estandar'),(11708,1,4,'exterior','vacio',34138,'luxury'),(11709,1,1,'exterior','vacio',3295,'estandar'),(11710,1,1,'exterior','vacio',186,'estandar'),(11711,1,3,'exterior','vacio',2047,'estandar'),(11712,1,3,'exterior','vacio',4123,'estandar'),(11801,1,3,'exterior','vacio',1770,'estandar'),(11802,1,3,'exterior','vacio',4017,'estandar'),(11803,1,1,'exterior','vacio',3674,'estandar'),(11804,1,4,'exterior','vacio',2931,'estandar'),(11805,1,4,'exterior','vacio',27954,'luxury'),(11806,1,3,'exterior','vacio',6024,'luxury'),(11807,1,1,'exterior','vacio',2858,'estandar'),(11808,1,4,'exterior','vacio',342,'estandar'),(11809,1,3,'exterior','vacio',4832,'estandar'),(11810,1,2,'exterior','vacio',2463,'estandar'),(11811,1,3,'exterior','vacio',16073,'luxury'),(11812,1,4,'exterior','vacio',2364,'estandar'),(11901,1,3,'exterior','vacio',281,'estandar'),(11902,1,3,'exterior','vacio',1235,'estandar'),(11903,1,1,'exterior','vacio',898,'estandar'),(11904,1,4,'exterior','vacio',29805,'luxury'),(11905,1,1,'exterior','vacio',631,'estandar'),(11906,1,3,'exterior','vacio',3671,'estandar'),(11907,1,2,'exterior','vacio',1925,'estandar'),(11908,1,1,'exterior','vacio',3169,'estandar'),(11909,1,1,'exterior','vacio',2295,'estandar'),(11910,1,1,'exterior','vacio',1889,'estandar'),(11911,1,2,'exterior','vacio',1964,'estandar'),(11912,1,4,'exterior','vacio',14073,'luxury'),(12001,1,3,'exterior','vacio',4748,'estandar'),(12002,1,4,'exterior','vacio',3707,'estandar'),(12003,1,4,'exterior','vacio',30540,'luxury'),(12004,1,4,'exterior','vacio',109,'estandar'),(12005,1,4,'exterior','vacio',4825,'estandar'),(12006,1,4,'exterior','vacio',13813,'luxury'),(12007,1,2,'exterior','vacio',1720,'estandar'),(12008,1,1,'exterior','vacio',4243,'estandar'),(12009,1,1,'exterior','vacio',2739,'estandar'),(12010,1,3,'exterior','vacio',4932,'estandar'),(12011,1,3,'exterior','vacio',4408,'estandar'),(12012,1,4,'exterior','vacio',12113,'luxury'),(12101,1,3,'exterior','vacio',4724,'estandar'),(12102,1,3,'exterior','vacio',36001,'luxury'),(12103,1,2,'exterior','vacio',3950,'estandar'),(12104,1,2,'exterior','vacio',2471,'estandar'),(12105,1,4,'exterior','vacio',17292,'luxury'),(12106,1,2,'exterior','vacio',3928,'estandar'),(12107,1,1,'exterior','vacio',1985,'estandar'),(12108,1,3,'exterior','vacio',16668,'luxury'),(12109,1,2,'exterior','vacio',858,'estandar'),(12110,1,1,'exterior','vacio',955,'estandar'),(12111,1,3,'exterior','vacio',4210,'estandar'),(12112,1,3,'exterior','vacio',2179,'estandar'),(12201,1,2,'exterior','vacio',2921,'estandar'),(12202,1,4,'exterior','vacio',2867,'estandar'),(12203,1,1,'exterior','vacio',4692,'estandar'),(12204,1,1,'exterior','vacio',4609,'estandar'),(12205,1,2,'exterior','vacio',3870,'estandar'),(12206,1,1,'exterior','vacio',4739,'estandar'),(12207,1,1,'exterior','vacio',265,'estandar'),(12208,1,1,'exterior','vacio',2974,'estandar'),(12209,1,3,'exterior','vacio',2885,'estandar'),(12210,1,4,'exterior','vacio',4928,'luxury'),(12211,1,3,'exterior','vacio',1767,'estandar'),(12212,1,3,'exterior','vacio',3462,'luxury'),(12301,1,4,'exterior','vacio',794,'estandar'),(12302,1,4,'exterior','vacio',1001,'estandar'),(12303,1,4,'exterior','vacio',17129,'luxury'),(12304,1,4,'exterior','vacio',1195,'estandar'),(12305,1,3,'exterior','vacio',1477,'estandar'),(12306,1,4,'exterior','vacio',623,'estandar'),(12307,1,4,'exterior','vacio',3394,'estandar'),(12308,1,3,'exterior','vacio',2033,'estandar'),(12309,1,4,'exterior','vacio',20808,'luxury'),(12310,1,4,'exterior','vacio',7961,'luxury'),(12311,1,3,'exterior','vacio',13308,'luxury'),(12312,1,3,'exterior','vacio',8237,'luxury'),(12401,1,3,'exterior','vacio',16706,'luxury'),(12402,1,3,'exterior','vacio',1847,'estandar'),(12403,1,3,'exterior','vacio',4478,'estandar'),(12404,1,3,'exterior','vacio',595,'estandar'),(12405,1,1,'exterior','vacio',758,'estandar'),(12406,1,3,'exterior','vacio',4576,'estandar'),(12407,1,4,'exterior','vacio',3021,'estandar'),(12408,1,4,'exterior','vacio',4930,'estandar'),(12409,1,3,'exterior','vacio',19309,'luxury'),(12410,1,2,'exterior','vacio',3274,'estandar'),(12411,1,4,'exterior','vacio',25313,'luxury'),(12412,1,1,'exterior','vacio',2686,'estandar'),(12501,1,1,'exterior','vacio',3671,'estandar'),(12502,1,3,'exterior','vacio',12261,'luxury'),(12503,1,4,'exterior','vacio',29856,'luxury'),(12504,1,3,'exterior','vacio',5051,'estandar'),(12505,1,4,'exterior','vacio',36033,'luxury'),(12506,1,1,'exterior','vacio',1933,'estandar'),(12507,1,3,'exterior','vacio',1272,'estandar'),(12508,1,1,'exterior','vacio',3312,'estandar'),(12509,1,3,'exterior','vacio',3697,'estandar'),(12510,1,4,'exterior','vacio',251,'estandar'),(12511,1,3,'exterior','vacio',2014,'estandar'),(12512,1,4,'exterior','vacio',11063,'luxury'),(12601,1,2,'exterior','vacio',2053,'estandar'),(12602,1,2,'exterior','vacio',3950,'estandar'),(12603,1,2,'exterior','vacio',1724,'estandar'),(12604,1,4,'exterior','vacio',4104,'estandar'),(12605,1,2,'exterior','vacio',1529,'estandar'),(12606,1,2,'exterior','vacio',3507,'estandar'),(12607,1,2,'exterior','vacio',2230,'estandar'),(12608,1,3,'exterior','vacio',1021,'estandar'),(12609,1,4,'exterior','vacio',4839,'estandar'),(12610,1,3,'exterior','vacio',2742,'estandar'),(12611,1,1,'exterior','vacio',4853,'estandar'),(12612,1,1,'exterior','vacio',2069,'estandar'),(12701,1,4,'exterior','vacio',12208,'luxury'),(12702,1,4,'exterior','vacio',2484,'estandar'),(12703,1,1,'exterior','vacio',2621,'estandar'),(12704,1,2,'exterior','vacio',1376,'estandar'),(12705,1,4,'exterior','vacio',10489,'luxury'),(12706,1,4,'exterior','vacio',25735,'luxury'),(12707,1,1,'exterior','vacio',5073,'estandar'),(12708,1,4,'exterior','vacio',764,'estandar'),(12709,1,1,'exterior','vacio',577,'estandar'),(12710,1,3,'exterior','vacio',15789,'luxury'),(12711,1,2,'exterior','vacio',2126,'estandar'),(12712,1,2,'exterior','vacio',4938,'estandar'),(12801,1,1,'exterior','vacio',4390,'estandar'),(12802,1,1,'exterior','vacio',3109,'estandar'),(12803,1,3,'exterior','vacio',11269,'luxury'),(12804,1,3,'exterior','vacio',2736,'estandar'),(12805,1,4,'exterior','vacio',23864,'luxury'),(12806,1,3,'exterior','vacio',4814,'estandar'),(12807,1,4,'exterior','vacio',34226,'luxury'),(12808,1,2,'exterior','vacio',4716,'estandar'),(12809,1,4,'exterior','vacio',2813,'estandar'),(12810,1,1,'exterior','vacio',2118,'estandar'),(12811,1,3,'exterior','vacio',1034,'estandar'),(12812,1,1,'exterior','vacio',3657,'estandar'),(12901,1,3,'exterior','vacio',1812,'estandar'),(12902,1,4,'exterior','vacio',725,'estandar'),(12903,1,3,'exterior','vacio',2137,'estandar'),(12904,1,4,'exterior','vacio',825,'estandar'),(12905,1,2,'exterior','vacio',1517,'estandar'),(12906,1,2,'exterior','vacio',4268,'estandar'),(12907,1,4,'exterior','vacio',2377,'estandar'),(12908,1,1,'exterior','vacio',2784,'estandar'),(12909,1,3,'exterior','vacio',4269,'estandar'),(12910,1,3,'exterior','vacio',5180,'luxury'),(12911,1,4,'exterior','vacio',18407,'luxury'),(12912,1,2,'exterior','vacio',3520,'estandar'),(13001,1,4,'exterior','vacio',27399,'luxury'),(13002,1,1,'exterior','vacio',3919,'estandar'),(13003,1,3,'exterior','vacio',2399,'estandar'),(13004,1,3,'exterior','vacio',3175,'estandar'),(13005,1,4,'exterior','vacio',2398,'estandar'),(13006,1,4,'exterior','vacio',3213,'estandar'),(13007,1,2,'exterior','vacio',1311,'estandar'),(13008,1,3,'exterior','vacio',1201,'estandar'),(13009,1,1,'exterior','vacio',3111,'estandar'),(13010,1,3,'exterior','vacio',1980,'estandar'),(13011,1,2,'exterior','vacio',945,'estandar'),(13012,1,4,'exterior','vacio',4386,'estandar'),(13101,1,1,'exterior','vacio',3019,'estandar'),(13102,1,3,'exterior','vacio',160,'estandar'),(13103,1,3,'exterior','vacio',11963,'luxury'),(13104,1,3,'exterior','vacio',2020,'estandar'),(13105,1,2,'exterior','vacio',691,'estandar'),(13106,1,3,'exterior','vacio',15299,'luxury'),(13107,1,4,'exterior','vacio',4464,'luxury'),(13108,1,2,'exterior','vacio',802,'estandar'),(13109,1,3,'exterior','vacio',2932,'estandar'),(13110,1,3,'exterior','vacio',26785,'luxury'),(13111,1,3,'exterior','vacio',4169,'estandar'),(13112,1,3,'exterior','vacio',3295,'estandar'),(13201,1,4,'exterior','vacio',2185,'estandar'),(13202,1,4,'exterior','vacio',2394,'estandar'),(13203,1,3,'exterior','vacio',478,'estandar'),(13204,1,2,'exterior','vacio',3822,'estandar'),(13205,1,3,'exterior','vacio',3664,'estandar'),(13206,1,4,'exterior','vacio',4221,'estandar'),(13207,1,3,'exterior','vacio',1942,'estandar'),(13208,1,3,'exterior','vacio',3743,'estandar'),(13209,1,3,'exterior','vacio',34261,'luxury'),(13210,1,1,'exterior','vacio',5013,'estandar'),(13211,1,4,'exterior','vacio',3415,'estandar'),(13212,1,1,'exterior','vacio',4442,'estandar'),(13301,1,3,'exterior','vacio',1746,'luxury'),(13302,1,4,'exterior','vacio',4178,'estandar'),(13303,1,4,'exterior','vacio',13567,'luxury'),(13304,1,4,'exterior','vacio',30387,'luxury'),(13305,1,2,'exterior','vacio',3096,'estandar'),(13306,1,3,'exterior','vacio',3159,'estandar'),(13307,1,4,'exterior','vacio',2617,'estandar'),(13308,1,2,'exterior','vacio',4242,'estandar'),(13309,1,3,'exterior','vacio',1031,'estandar'),(13310,1,1,'exterior','vacio',1220,'estandar'),(13311,1,1,'exterior','vacio',2443,'estandar'),(13312,1,4,'exterior','vacio',33021,'luxury'),(13401,1,2,'exterior','vacio',3265,'estandar'),(13402,1,2,'exterior','vacio',3208,'estandar'),(13403,1,1,'exterior','vacio',4379,'estandar'),(13404,1,2,'exterior','vacio',765,'estandar'),(13405,1,1,'exterior','vacio',3509,'estandar'),(13406,1,3,'exterior','vacio',28428,'luxury'),(13407,1,4,'exterior','vacio',2738,'estandar'),(13408,1,4,'exterior','vacio',1794,'estandar'),(13409,1,2,'exterior','vacio',2088,'estandar'),(13410,1,4,'exterior','vacio',3462,'estandar'),(13411,1,4,'exterior','vacio',30129,'luxury'),(13412,1,2,'exterior','vacio',3180,'estandar'),(13501,1,1,'exterior','vacio',1262,'estandar'),(13502,1,1,'exterior','vacio',2441,'estandar'),(13503,1,3,'exterior','vacio',2656,'estandar'),(13504,1,3,'exterior','vacio',3351,'luxury'),(13505,1,4,'exterior','vacio',4037,'luxury'),(13506,1,2,'exterior','vacio',2645,'estandar'),(13507,1,3,'exterior','vacio',1630,'luxury'),(13508,1,1,'exterior','vacio',2841,'estandar'),(13509,1,3,'exterior','vacio',3010,'estandar'),(13510,1,4,'exterior','vacio',3961,'estandar'),(13511,1,2,'exterior','vacio',1154,'estandar'),(13512,1,4,'exterior','vacio',4764,'estandar'),(13601,1,1,'exterior','vacio',3661,'estandar'),(13602,1,1,'exterior','vacio',386,'estandar'),(13603,1,1,'exterior','vacio',359,'estandar'),(13604,1,4,'exterior','vacio',4979,'luxury'),(13605,1,4,'exterior','vacio',8328,'luxury'),(13606,1,1,'exterior','vacio',3469,'estandar'),(13607,1,3,'exterior','vacio',4511,'estandar'),(13608,1,3,'exterior','vacio',24314,'luxury'),(13609,1,4,'exterior','vacio',28981,'luxury'),(13610,1,4,'exterior','vacio',9681,'luxury'),(13611,1,1,'exterior','vacio',3607,'estandar'),(13612,1,3,'exterior','vacio',1142,'estandar'),(13701,1,2,'exterior','vacio',3061,'estandar'),(13702,1,3,'exterior','vacio',2346,'estandar'),(13703,1,1,'exterior','vacio',1807,'estandar'),(13704,1,1,'exterior','vacio',3622,'estandar'),(13705,1,2,'exterior','vacio',4028,'estandar'),(13706,1,2,'exterior','vacio',180,'estandar'),(13707,1,4,'exterior','vacio',2269,'estandar'),(13708,1,2,'exterior','vacio',989,'estandar'),(13709,1,1,'exterior','vacio',1378,'estandar'),(13710,1,4,'exterior','vacio',4525,'estandar'),(13711,1,3,'exterior','vacio',3167,'luxury'),(13712,1,4,'exterior','vacio',1605,'estandar'),(13801,1,3,'exterior','vacio',1597,'estandar'),(13802,1,4,'exterior','vacio',2596,'estandar'),(13803,1,3,'exterior','vacio',3182,'estandar'),(13804,1,4,'exterior','vacio',4306,'estandar'),(13805,1,4,'exterior','vacio',6306,'luxury'),(13806,1,3,'exterior','vacio',7252,'luxury'),(13807,1,4,'exterior','vacio',3019,'estandar'),(13808,1,4,'exterior','vacio',3280,'estandar'),(13809,1,1,'exterior','vacio',3578,'estandar'),(13810,1,3,'exterior','vacio',7103,'luxury'),(13811,1,1,'exterior','vacio',977,'estandar'),(13812,1,3,'exterior','vacio',2793,'estandar'),(13901,1,3,'exterior','vacio',409,'estandar'),(13902,1,2,'exterior','vacio',2729,'estandar'),(13903,1,1,'exterior','vacio',834,'estandar'),(13904,1,3,'exterior','vacio',3591,'estandar'),(13905,1,1,'exterior','vacio',2666,'estandar'),(13906,1,2,'exterior','vacio',1386,'estandar'),(13907,1,1,'exterior','vacio',4246,'estandar'),(13908,1,3,'exterior','vacio',23842,'luxury'),(13909,1,4,'exterior','vacio',2717,'estandar'),(13910,1,4,'exterior','vacio',7239,'luxury'),(13911,1,2,'exterior','vacio',2286,'estandar'),(13912,1,4,'exterior','vacio',767,'estandar'),(14001,1,2,'exterior','vacio',3195,'estandar'),(14002,1,2,'exterior','vacio',3423,'estandar'),(14003,1,2,'exterior','vacio',1846,'estandar'),(14004,1,2,'exterior','vacio',4094,'estandar'),(14005,1,4,'exterior','vacio',12601,'luxury'),(14006,1,3,'exterior','vacio',34477,'luxury'),(14007,1,3,'exterior','vacio',14320,'luxury'),(14008,1,3,'exterior','vacio',2022,'luxury'),(14009,1,3,'exterior','vacio',4175,'estandar'),(14010,1,1,'exterior','vacio',3854,'estandar'),(14011,1,2,'exterior','vacio',3806,'estandar'),(14012,1,2,'exterior','vacio',1199,'estandar'),(14101,1,3,'exterior','vacio',32701,'luxury'),(14102,1,4,'exterior','vacio',1160,'estandar'),(14103,1,4,'exterior','vacio',4407,'estandar'),(14104,1,3,'exterior','vacio',2499,'estandar'),(14105,1,3,'exterior','vacio',18099,'luxury'),(14106,1,1,'exterior','vacio',2236,'estandar'),(14107,1,4,'exterior','vacio',12867,'luxury'),(14108,1,3,'exterior','vacio',5002,'luxury'),(14109,1,4,'exterior','vacio',2222,'estandar'),(14110,1,4,'exterior','vacio',914,'estandar'),(14111,1,4,'exterior','vacio',4602,'estandar'),(14112,1,4,'exterior','vacio',3840,'estandar'),(14201,1,2,'exterior','vacio',5027,'estandar'),(14202,1,4,'exterior','vacio',4544,'estandar'),(14203,1,1,'exterior','vacio',4182,'estandar'),(14204,1,4,'exterior','vacio',8237,'luxury'),(14205,1,4,'exterior','vacio',2316,'estandar'),(14206,1,4,'exterior','vacio',29287,'luxury'),(14207,1,4,'exterior','vacio',1897,'estandar'),(14208,1,4,'exterior','vacio',3194,'estandar'),(14209,1,4,'exterior','vacio',30847,'luxury'),(14210,1,3,'exterior','vacio',28851,'luxury'),(14211,1,4,'exterior','vacio',11880,'luxury'),(14212,1,2,'exterior','vacio',451,'estandar'),(14301,1,1,'exterior','vacio',4382,'estandar'),(14302,1,3,'exterior','vacio',5628,'luxury'),(14303,1,4,'exterior','vacio',463,'estandar'),(14304,1,3,'exterior','vacio',3493,'luxury'),(14305,1,1,'exterior','vacio',225,'estandar'),(14306,1,4,'exterior','vacio',4877,'estandar'),(14307,1,3,'exterior','vacio',15727,'luxury'),(14308,1,1,'exterior','vacio',1309,'estandar'),(14309,1,4,'exterior','vacio',3023,'estandar'),(14310,1,2,'exterior','vacio',2585,'estandar'),(14311,1,3,'exterior','vacio',35498,'luxury'),(14312,1,3,'exterior','vacio',226,'estandar'),(14401,1,1,'exterior','vacio',4348,'estandar'),(14402,1,3,'exterior','vacio',30397,'luxury'),(14403,1,1,'exterior','vacio',2991,'estandar'),(14404,1,1,'exterior','vacio',3864,'estandar'),(14405,1,3,'exterior','vacio',4084,'estandar'),(14406,1,3,'exterior','vacio',1861,'estandar'),(14407,1,2,'exterior','vacio',3729,'estandar'),(14408,1,1,'exterior','vacio',458,'estandar'),(14409,1,2,'exterior','vacio',4334,'estandar'),(14410,1,4,'exterior','vacio',28943,'luxury'),(14411,1,4,'exterior','vacio',2570,'luxury'),(14412,1,4,'exterior','vacio',2099,'estandar'),(14501,1,1,'exterior','vacio',3916,'estandar'),(14502,1,1,'exterior','vacio',1118,'estandar'),(14503,1,4,'exterior','vacio',1700,'luxury'),(14504,1,2,'exterior','vacio',1081,'estandar'),(14505,1,1,'exterior','vacio',4862,'estandar'),(14506,1,3,'exterior','vacio',9212,'luxury'),(14507,1,3,'exterior','vacio',26736,'luxury'),(14508,1,3,'exterior','vacio',303,'estandar'),(14509,1,3,'exterior','vacio',32382,'luxury'),(14510,1,3,'exterior','vacio',3744,'estandar'),(14511,1,3,'exterior','vacio',32584,'luxury'),(14512,1,3,'exterior','vacio',1774,'estandar'),(14601,1,3,'exterior','vacio',27614,'luxury'),(14602,1,3,'exterior','vacio',3888,'estandar'),(14603,1,3,'exterior','vacio',2430,'estandar'),(14604,1,4,'exterior','vacio',3191,'estandar'),(14605,1,2,'exterior','vacio',3077,'estandar'),(14606,1,2,'exterior','vacio',1266,'estandar'),(14607,1,4,'exterior','vacio',3872,'estandar'),(14608,1,4,'exterior','vacio',18343,'luxury'),(14609,1,2,'exterior','vacio',4953,'estandar'),(14610,1,2,'exterior','vacio',1997,'estandar'),(14611,1,2,'exterior','vacio',4219,'estandar'),(14612,1,2,'exterior','vacio',2263,'estandar'),(14701,1,3,'exterior','vacio',863,'estandar'),(14702,1,3,'exterior','vacio',5575,'luxury'),(14703,1,4,'exterior','vacio',4180,'estandar'),(14704,1,1,'exterior','vacio',807,'estandar'),(14705,1,4,'exterior','vacio',3422,'estandar'),(14706,1,3,'exterior','vacio',32954,'luxury'),(14707,1,2,'exterior','vacio',4902,'estandar'),(14708,1,4,'exterior','vacio',503,'estandar'),(14709,1,3,'exterior','vacio',1025,'estandar'),(14710,1,3,'exterior','vacio',2712,'estandar'),(14711,1,2,'exterior','vacio',2509,'estandar'),(14712,1,3,'exterior','vacio',3250,'estandar'),(14801,1,1,'exterior','vacio',3610,'estandar'),(14802,1,4,'exterior','vacio',367,'estandar'),(14803,1,2,'exterior','vacio',4201,'estandar'),(14804,1,3,'exterior','vacio',14399,'luxury'),(14805,1,3,'exterior','vacio',460,'estandar'),(14806,1,3,'exterior','vacio',9628,'luxury'),(14807,1,3,'exterior','vacio',2094,'estandar'),(14808,1,2,'exterior','vacio',3501,'estandar'),(14809,1,2,'exterior','vacio',2330,'estandar'),(14810,1,3,'exterior','vacio',16248,'luxury'),(14811,1,4,'exterior','vacio',3960,'luxury'),(14812,1,2,'exterior','vacio',4026,'estandar'),(14901,1,4,'exterior','vacio',28699,'luxury'),(14902,1,3,'exterior','vacio',13025,'luxury'),(14903,1,2,'exterior','vacio',4524,'estandar'),(14904,1,3,'exterior','vacio',2232,'estandar'),(14905,1,4,'exterior','vacio',5038,'estandar'),(14906,1,1,'exterior','vacio',1040,'estandar'),(14907,1,4,'exterior','vacio',2066,'estandar'),(14908,1,4,'exterior','vacio',28365,'luxury'),(14909,1,1,'exterior','vacio',2258,'estandar'),(14910,1,4,'exterior','vacio',34474,'luxury'),(14911,1,1,'exterior','vacio',1319,'estandar'),(14912,1,4,'exterior','vacio',3453,'estandar'),(15001,1,2,'exterior','vacio',654,'estandar'),(15002,1,2,'exterior','vacio',4637,'estandar'),(15003,1,3,'exterior','vacio',13054,'luxury'),(15004,1,4,'exterior','vacio',7966,'luxury'),(15005,1,2,'exterior','vacio',3848,'estandar'),(15006,1,2,'exterior','vacio',2705,'estandar'),(15007,1,4,'exterior','vacio',20302,'luxury'),(15008,1,4,'exterior','vacio',33768,'luxury'),(15009,1,2,'exterior','vacio',1817,'estandar'),(15010,1,4,'exterior','vacio',3000,'estandar'),(15011,1,2,'exterior','vacio',4191,'estandar'),(15012,1,3,'exterior','vacio',2927,'luxury'),(15101,1,4,'exterior','vacio',16197,'luxury'),(15102,1,3,'exterior','vacio',3715,'luxury'),(15103,1,4,'exterior','vacio',6262,'luxury'),(15104,1,3,'exterior','vacio',12366,'luxury'),(15105,1,3,'exterior','vacio',552,'estandar'),(15106,1,3,'exterior','vacio',31171,'luxury'),(15107,1,3,'exterior','vacio',13753,'luxury'),(15108,1,4,'exterior','vacio',17394,'luxury'),(15109,1,3,'exterior','vacio',1412,'estandar'),(15110,1,1,'exterior','vacio',3649,'estandar'),(15111,1,3,'exterior','vacio',2636,'estandar'),(15112,1,4,'exterior','vacio',24080,'luxury'),(15201,1,3,'exterior','vacio',28855,'luxury'),(15202,1,4,'exterior','vacio',2410,'estandar'),(15203,1,2,'exterior','vacio',4913,'estandar'),(15204,1,4,'exterior','vacio',2236,'estandar'),(15205,1,4,'exterior','vacio',2154,'estandar'),(15206,1,4,'exterior','vacio',211,'estandar'),(15207,1,1,'exterior','vacio',1933,'estandar'),(15208,1,4,'exterior','vacio',4991,'estandar'),(15209,1,2,'exterior','vacio',2276,'estandar'),(15210,1,2,'exterior','vacio',2309,'estandar'),(15211,1,2,'exterior','vacio',383,'estandar'),(15212,1,3,'exterior','vacio',7092,'luxury'),(15301,1,4,'exterior','vacio',2660,'estandar'),(15302,1,2,'exterior','vacio',1060,'estandar'),(15303,1,4,'exterior','vacio',33717,'luxury'),(15304,1,3,'exterior','vacio',2207,'luxury'),(15305,1,2,'exterior','vacio',1382,'estandar'),(15306,1,3,'exterior','vacio',2506,'estandar'),(15307,1,3,'exterior','vacio',471,'estandar'),(15308,1,2,'exterior','vacio',2690,'estandar'),(15309,1,3,'exterior','vacio',1420,'estandar'),(15310,1,3,'exterior','vacio',563,'estandar'),(15311,1,1,'exterior','vacio',1292,'estandar'),(15312,1,4,'exterior','vacio',1886,'estandar'),(15401,1,2,'exterior','vacio',3910,'estandar'),(15402,1,2,'exterior','vacio',3476,'estandar'),(15403,1,4,'exterior','vacio',739,'estandar'),(15404,1,4,'exterior','vacio',3810,'estandar'),(15405,1,1,'exterior','vacio',645,'estandar'),(15406,1,2,'exterior','vacio',1085,'estandar'),(15407,1,3,'exterior','vacio',2898,'estandar'),(15408,1,3,'exterior','vacio',21251,'luxury'),(15409,1,2,'exterior','vacio',2737,'estandar'),(15410,1,3,'exterior','vacio',761,'estandar'),(15411,1,2,'exterior','vacio',2946,'estandar'),(15412,1,2,'exterior','vacio',3640,'estandar'),(15501,1,4,'exterior','vacio',3050,'luxury'),(15502,1,4,'exterior','vacio',726,'estandar'),(15503,1,3,'exterior','vacio',22324,'luxury'),(15504,1,2,'exterior','vacio',4497,'estandar'),(15505,1,2,'exterior','vacio',2803,'estandar'),(15506,1,2,'exterior','vacio',4589,'estandar'),(15507,1,3,'exterior','vacio',4924,'estandar'),(15508,1,4,'exterior','vacio',708,'estandar'),(15509,1,2,'exterior','vacio',1546,'estandar'),(15510,1,4,'exterior','vacio',2095,'estandar'),(15511,1,1,'exterior','vacio',2956,'estandar'),(15512,1,1,'exterior','vacio',3691,'estandar'),(15601,1,4,'exterior','vacio',3908,'estandar'),(15602,1,3,'exterior','vacio',4705,'estandar'),(15603,1,1,'exterior','vacio',3012,'estandar'),(15604,1,3,'exterior','vacio',4109,'luxury'),(15605,1,4,'exterior','vacio',3966,'estandar'),(15606,1,4,'exterior','vacio',3430,'estandar'),(15607,1,2,'exterior','vacio',860,'estandar'),(15608,1,3,'exterior','vacio',2711,'estandar'),(15609,1,1,'exterior','vacio',4943,'estandar'),(15610,1,4,'exterior','vacio',19312,'luxury'),(15611,1,3,'exterior','vacio',236,'estandar'),(15612,1,3,'exterior','vacio',4967,'estandar'),(15701,1,1,'exterior','vacio',3577,'estandar'),(15702,1,4,'exterior','vacio',2899,'estandar'),(15703,1,1,'exterior','vacio',2955,'estandar'),(15704,1,1,'exterior','vacio',285,'estandar'),(15705,1,4,'exterior','vacio',33678,'luxury'),(15706,1,4,'exterior','vacio',9366,'luxury'),(15707,1,3,'exterior','vacio',9011,'luxury'),(15708,1,3,'exterior','vacio',15839,'luxury'),(15709,1,4,'exterior','vacio',1119,'estandar'),(15710,1,1,'exterior','vacio',1382,'estandar'),(15711,1,3,'exterior','vacio',550,'estandar'),(15712,1,2,'exterior','vacio',4175,'estandar'),(15801,1,4,'exterior','vacio',943,'estandar'),(15802,1,1,'exterior','vacio',1761,'estandar'),(15803,1,2,'exterior','vacio',602,'estandar'),(15804,1,3,'exterior','vacio',2427,'estandar'),(15805,1,3,'exterior','vacio',9902,'luxury'),(15806,1,3,'exterior','vacio',2540,'estandar'),(15807,1,1,'exterior','vacio',2671,'estandar'),(15808,1,4,'exterior','vacio',2720,'estandar'),(15809,1,2,'exterior','vacio',1305,'estandar'),(15810,1,4,'exterior','vacio',1490,'estandar'),(15811,1,4,'exterior','vacio',22194,'luxury'),(15812,1,1,'exterior','vacio',2108,'estandar'),(15901,1,3,'exterior','vacio',1087,'estandar'),(15902,1,4,'exterior','vacio',2017,'estandar'),(15903,1,1,'exterior','vacio',4298,'estandar'),(15904,1,2,'exterior','vacio',4791,'estandar'),(15905,1,3,'exterior','vacio',2695,'luxury'),(15906,1,1,'exterior','vacio',4338,'estandar'),(15907,1,4,'exterior','vacio',3655,'luxury'),(15908,1,3,'exterior','vacio',2893,'estandar'),(15909,1,4,'exterior','vacio',13597,'luxury'),(15910,1,4,'exterior','vacio',7693,'luxury'),(15911,1,4,'exterior','vacio',2986,'estandar'),(15912,1,2,'exterior','vacio',2595,'estandar'),(16001,1,1,'exterior','vacio',3291,'estandar'),(16002,1,2,'exterior','vacio',2407,'estandar'),(16003,1,3,'exterior','vacio',1423,'estandar'),(16004,1,3,'exterior','vacio',427,'estandar'),(16005,1,3,'exterior','vacio',812,'estandar'),(16006,1,4,'exterior','vacio',3777,'estandar'),(16007,1,4,'exterior','vacio',696,'estandar'),(16008,1,3,'exterior','vacio',1269,'estandar'),(16009,1,4,'exterior','vacio',13196,'luxury'),(16010,1,4,'exterior','vacio',14774,'luxury'),(16011,1,4,'exterior','vacio',3164,'estandar'),(16012,1,4,'exterior','vacio',21508,'luxury'),(16101,1,4,'exterior','vacio',1971,'estandar'),(16102,1,3,'exterior','vacio',3441,'estandar'),(16103,1,4,'exterior','vacio',3956,'estandar'),(16104,1,3,'exterior','vacio',12107,'luxury'),(16105,1,1,'exterior','vacio',544,'estandar'),(16106,1,3,'exterior','vacio',152,'estandar'),(16107,1,3,'exterior','vacio',2973,'estandar'),(16108,1,2,'exterior','vacio',3322,'estandar'),(16109,1,4,'exterior','vacio',2146,'estandar'),(16110,1,4,'exterior','vacio',31537,'luxury'),(16111,1,3,'exterior','vacio',15633,'luxury'),(16112,1,2,'exterior','vacio',1481,'estandar'),(16201,1,1,'exterior','vacio',922,'estandar'),(16202,1,1,'exterior','vacio',2367,'estandar'),(16203,1,3,'exterior','vacio',4840,'estandar'),(16204,1,4,'exterior','vacio',1871,'estandar'),(16205,1,4,'exterior','vacio',31108,'luxury'),(16206,1,4,'exterior','vacio',985,'estandar'),(16207,1,4,'exterior','vacio',13261,'luxury'),(16208,1,3,'exterior','vacio',1311,'estandar'),(16209,1,3,'exterior','vacio',3700,'estandar'),(16210,1,1,'exterior','vacio',1159,'estandar'),(16211,1,4,'exterior','vacio',1075,'estandar'),(16212,1,4,'exterior','vacio',22920,'luxury'),(16301,1,4,'exterior','vacio',2918,'estandar'),(16302,1,2,'exterior','vacio',258,'estandar'),(16303,1,2,'exterior','vacio',3046,'estandar'),(16304,1,3,'exterior','vacio',10688,'luxury'),(16305,1,4,'exterior','vacio',2285,'estandar'),(16306,1,4,'exterior','vacio',4191,'estandar'),(16307,1,3,'exterior','vacio',26229,'luxury'),(16308,1,4,'exterior','vacio',1228,'estandar'),(16309,1,1,'exterior','vacio',789,'estandar'),(16310,1,1,'exterior','vacio',2040,'estandar'),(16311,1,3,'exterior','vacio',5061,'estandar'),(16312,1,1,'exterior','vacio',126,'estandar');
/*!40000 ALTER TABLE `habitacion` ENABLE KEYS */;
UNLOCK TABLES;

--
-- Table structure for table `hotel`
--

DROP TABLE IF EXISTS `hotel`;
/*!40101 SET @saved_cs_client     = @@character_set_client */;
/*!40101 SET character_set_client = utf8 */;
CREATE TABLE `hotel` (
  `idHotel` smallint(5) unsigned NOT NULL,
  `nombre` varchar(30) NOT NULL,
  `ciudad` varchar(30) NOT NULL,
  `numHabitaciones` smallint(5) unsigned DEFAULT NULL,
  `pisos` smallint(5) unsigned DEFAULT NULL,
  `clave` smallint(5) unsigned NOT NULL,
  `MasterKey` smallint(5) unsigned NOT NULL,
  PRIMARY KEY (`idHotel`)
) ENGINE=InnoDB DEFAULT CHARSET=latin1;
/*!40101 SET character_set_client = @saved_cs_client */;

--
-- Dumping data for table `hotel`
--

LOCK TABLES `hotel` WRITE;
/*!40000 ALTER TABLE `hotel` DISABLE KEYS */;
INSERT INTO `hotel` (`idHotel`, `nombre`, `ciudad`, `numHabitaciones`, `pisos`, `clave`, `MasterKey`) VALUES (1,'Burj Khalifa','Dubai',1630,163,1234,9876),(2,'President Wilson','Ginebra',40,4,5678,5432),(3,'Rincn de Pepe','Murcia',30,3,2468,1357);
/*!40000 ALTER TABLE `hotel` ENABLE KEYS */;
UNLOCK TABLES;

--
-- Table structure for table `reserva`
--

DROP TABLE IF EXISTS `reserva`;
/*!40101 SET @saved_cs_client     = @@character_set_client */;
/*!40101 SET character_set_client = utf8 */;
CREATE TABLE `reserva` (
  `idReserva` smallint(5) unsigned NOT NULL AUTO_INCREMENT,
  `checkin` date NOT NULL,
  `checkout` date NOT NULL,
  `llave` smallint(5) unsigned NOT NULL,
  `username` varchar(20) DEFAULT NULL,
  `idHotel` smallint(5) unsigned DEFAULT NULL,
  `numHabitacion` smallint(5) unsigned DEFAULT NULL,
  `precioActual` smallint(5) unsigned NOT NULL,
  PRIMARY KEY (`idReserva`),
  KEY `reserva_fk1` (`username`),
  KEY `reserva_fk2` (`idHotel`,`numHabitacion`),
  CONSTRAINT `reserva_fk1` FOREIGN KEY (`username`) REFERENCES `usuario` (`Username`),
  CONSTRAINT `reserva_fk2` FOREIGN KEY (`idHotel`, `numHabitacion`) REFERENCES `habitacion` (`idHotel`, `numHabitacion`)
) ENGINE=InnoDB AUTO_INCREMENT=31 DEFAULT CHARSET=latin1;
/*!40101 SET character_set_client = @saved_cs_client */;

--
-- Dumping data for table `reserva`
--

LOCK TABLES `reserva` WRITE;
/*!40000 ALTER TABLE `reserva` DISABLE KEYS */;
INSERT INTO `reserva` (`idReserva`, `checkin`, `checkout`, `llave`, `username`, `idHotel`, `numHabitacion`, `precioActual`) VALUES (1,'2020-05-13','2020-05-14',0,'jon_mutel',1,101,0),(2,'2020-05-07','2020-05-14',1,'pablo_mutel',2,108,123),(3,'2020-05-13','2020-05-23',2,'benat_mutel',3,202,543),(4,'2020-05-10','2020-05-20',3,'irati_mutel',1,16201,8963),(6,'2020-05-05','2020-05-17',5,'pablo_mutel',3,107,231),(7,'2020-05-13','2020-05-21',6,'jon_mutel',1,903,1222),(8,'2020-05-03','2020-05-07',7,'benat_mutel',2,305,65),(9,'2020-05-04','2020-05-05',8,'pablo_mutel',3,303,20),(10,'2020-05-06','2020-05-08',9,'benat_mutel',3,303,5643),(11,'2020-05-16','2020-05-26',10,'jon_mutel',2,402,983),(12,'2020-05-24','2020-05-30',11,'irati_mutel',3,303,87),(13,'2020-05-08','2020-05-16',12,'benat_mutel',1,203,12000),(14,'2020-05-10','2020-05-13',13,'pablo_mutel',2,106,400),(15,'2020-05-11','2020-05-14',14,'irati_mutel',3,105,30),(16,'2020-05-01','2020-05-04',15,'pablo_mutel',1,2401,2561),(17,'2020-05-28','2020-05-29',5677,'irati_mutel',3,112,51),(18,'2020-05-28','2020-05-29',9909,'irati_mutel',3,307,62),(19,'2020-05-28','2020-05-29',6043,'irati_mutel',3,305,73),(20,'2020-05-28','2020-05-29',4645,'irati_mutel',3,105,170),(21,'2020-05-28','2020-05-29',1989,'irati_mutel',3,108,167),(22,'2020-05-28','2020-05-29',7026,'irati_mutel',3,210,66),(23,'2020-05-28','2020-05-29',4182,'irati_mutel',3,209,178);
/*!40000 ALTER TABLE `reserva` ENABLE KEYS */;
UNLOCK TABLES;

--
-- Table structure for table `tarea`
--

DROP TABLE IF EXISTS `tarea`;
/*!40101 SET @saved_cs_client     = @@character_set_client */;
/*!40101 SET character_set_client = utf8 */;
CREATE TABLE `tarea` (
  `idTarea` smallint(5) unsigned NOT NULL AUTO_INCREMENT,
  `idHotel` smallint(5) unsigned DEFAULT NULL,
  `fecha` date NOT NULL,
  `idEmpleado` smallint(5) unsigned DEFAULT NULL,
  `numHabitacion` smallint(5) unsigned DEFAULT NULL,
  `descripcion` varchar(128) DEFAULT NULL,
  `estado` tinyint(1) DEFAULT NULL,
  PRIMARY KEY (`idTarea`),
  KEY `tarea_fk1` (`idEmpleado`),
  KEY `tarea_fk2` (`numHabitacion`,`idHotel`),
  CONSTRAINT `tarea_fk1` FOREIGN KEY (`idEmpleado`) REFERENCES `trabajador` (`idEmpleado`),
  CONSTRAINT `tarea_fk2` FOREIGN KEY (`numHabitacion`, `idHotel`) REFERENCES `habitacion` (`numHabitacion`, `idHotel`)
) ENGINE=InnoDB AUTO_INCREMENT=5 DEFAULT CHARSET=latin1;
/*!40101 SET character_set_client = @saved_cs_client */;

--
-- Dumping data for table `tarea`
--

LOCK TABLES `tarea` WRITE;
/*!40000 ALTER TABLE `tarea` DISABLE KEYS */;
INSERT INTO `tarea` (`idTarea`, `idHotel`, `fecha`, `idEmpleado`, `numHabitacion`, `descripcion`, `estado`) VALUES (1,1,'2020-05-19',1,101,'Realizar mantenimiento del inodoro',0),(2,2,'2020-05-19',1,108,'Realizar mantenimiento del frigo',0),(3,3,'2020-05-19',1,106,'Realizar mantenimiento de la cama',0),(4,1,'2020-05-19',1,102,'Realizar mantenimiento del bao',0);
/*!40000 ALTER TABLE `tarea` ENABLE KEYS */;
UNLOCK TABLES;

--
-- Table structure for table `trabajador`
--

DROP TABLE IF EXISTS `trabajador`;
/*!40101 SET @saved_cs_client     = @@character_set_client */;
/*!40101 SET character_set_client = utf8 */;
CREATE TABLE `trabajador` (
  `idEmpleado` smallint(5) unsigned NOT NULL DEFAULT '0',
  `nombre` varchar(20) NOT NULL,
  `apellido` varchar(50) DEFAULT NULL,
  `idHotel` smallint(5) unsigned NOT NULL DEFAULT '0',
  `contrasea` varchar(20) NOT NULL,
  PRIMARY KEY (`idEmpleado`,`idHotel`),
  KEY `trabajador_fk` (`idHotel`),
  CONSTRAINT `trabajador_fk` FOREIGN KEY (`idHotel`) REFERENCES `hotel` (`idHotel`)
) ENGINE=InnoDB DEFAULT CHARSET=latin1;
/*!40101 SET character_set_client = @saved_cs_client */;

--
-- Dumping data for table `trabajador`
--

LOCK TABLES `trabajador` WRITE;
/*!40000 ALTER TABLE `trabajador` DISABLE KEYS */;
INSERT INTO `trabajador` (`idEmpleado`, `nombre`, `apellido`, `idHotel`, `contrasea`) VALUES (1,'abdul','elyamahi',1,'123456789aA'),(1,'dimitri','esnarov',2,'123456789aA'),(1,'santiago','abascal',3,'123456789aA');
/*!40000 ALTER TABLE `trabajador` ENABLE KEYS */;
UNLOCK TABLES;

--
-- Table structure for table `usuario`
--

DROP TABLE IF EXISTS `usuario`;
/*!40101 SET @saved_cs_client     = @@character_set_client */;
/*!40101 SET character_set_client = utf8 */;
CREATE TABLE `usuario` (
  `Username` varchar(20) NOT NULL,
  `contrasea` varchar(20) NOT NULL,
  `Nombre` varchar(20) NOT NULL,
  `Apellidos` varchar(50) DEFAULT NULL,
  `Email` varchar(50) NOT NULL,
  PRIMARY KEY (`Username`)
) ENGINE=InnoDB DEFAULT CHARSET=latin1;
/*!40101 SET character_set_client = @saved_cs_client */;

--
-- Dumping data for table `usuario`
--

LOCK TABLES `usuario` WRITE;
/*!40000 ALTER TABLE `usuario` DISABLE KEYS */;
INSERT INTO `usuario` (`Username`, `contrasea`, `Nombre`, `Apellidos`, `Email`) VALUES ('benat_mutel','123456789aA','benat','gorostiaga','benat.gorostiaga@alumni.mondragon.edu'),('irati_mutel','123456789aA','irati','izagirre','irati.izagirre@alumni.mondragon.edu'),('jon_mutel','123456789aA','jon','legaristi','jon.legaristi@alumni.mondragon.edu'),('pablo_mutel','123456789aA','pablo','valle','pablo.valle@alumni.mondragon.edu');
/*!40000 ALTER TABLE `usuario` ENABLE KEYS */;
UNLOCK TABLES;
/*!40103 SET TIME_ZONE=@OLD_TIME_ZONE */;

/*!40101 SET SQL_MODE=@OLD_SQL_MODE */;
/*!40014 SET FOREIGN_KEY_CHECKS=@OLD_FOREIGN_KEY_CHECKS */;
/*!40014 SET UNIQUE_CHECKS=@OLD_UNIQUE_CHECKS */;
/*!40101 SET CHARACTER_SET_CLIENT=@OLD_CHARACTER_SET_CLIENT */;
/*!40101 SET CHARACTER_SET_RESULTS=@OLD_CHARACTER_SET_RESULTS */;
/*!40101 SET COLLATION_CONNECTION=@OLD_COLLATION_CONNECTION */;
/*!40111 SET SQL_NOTES=@OLD_SQL_NOTES */;

-- Dump completed on 2020-05-28 18:29:43
